{"type":"FeatureCollection","features":[{"type":"Feature","id":34,"properties":{"source_id":"835387","bin":"1034240","base_bbl":"1012600071","mappluto_bbl":"1012600071","height_m":34.2},"geometry":{"type":"MultiPolygon","coordinates":[[[[-73.982253381333,40.756434262481],[-73.982317583566,40.756345885953],[-73.982331793448,40.756326325555],[-73.982447231227,40.756374818303],[-73.982707099761,40.756483981737],[-73.982597375446,40.756635019578],[-73.98259734583,40.756635060096],[-73.982594301527,40.756633781819],[-73.98222204011,40.756477403561],[-73.982253381333,40.756434262481]]]]}},{"type":"Feature","id":49,"properties":{"source_id":"416758","bin":"1035327","base_bbl":"1012750066","mappluto_bbl":"1012750066","height_m":26.9},"geometry":{"type":"MultiPolygon","coordinates":[[[[-73.9807760587,40.752459399096],[-73.980808017569,40.752414612363],[-73.9809211112,40.752256125907],[-73.980945878051,40.752221417305],[-73.981010999529,40.752248290148],[-73.98086917424,40.752447042547],[-73.980841180343,40.752486272034],[-73.9807760587,40.752459399096]]]]}},{"type":"Feature","id":59,"properties":{"source_id":"1029074","bin":"1069583","base_bbl":"1009980041","mappluto_bbl":"1009980041","height_m":29.9},"geometry":{"type":"MultiPolygon","coordinates":[[[[-73.983460200888,40.75743907003],[-73.983516091244,40.75746189504],[-73.983581805089,40.757488731373],[-73.983643206423,40.757513806569],[-73.983826245523,40.757588557229],[-73.983798084073,40.757628430342],[-73.983792034071,40.757636995997],[-73.98374097351,40.757616143009],[-73.983680011354,40.757591247128],[-73.983671639424,40.757603101993],[-73.983704067789,40.757616344911],[-73.983651704981,40.757690483287],[-73.98361927659,40.757677240355],[-73.983577248582,40.757736745156],[-73.983618131639,40.757753441839],[-73.98360336372,40.757774351269],[-73.983549612255,40.757850455202],[-73.983548223835,40.757852420806],[-73.983503083807,40.757833986415],[-73.983109015186,40.757673053171],[-73.983115917053,40.757663281901],[-73.983276086965,40.757436504928],[-73.983386615972,40.757481644333],[-73.983313055803,40.757585793336],[-73.983412493428,40.757626402468],[-73.983481095706,40.757529272129],[-73.983415432779,40.757502456458],[-73.983450901354,40.757452237682],[-73.983460200888,40.75743907003]]]]}},{"type":"Feature","id":215,"properties":{"source_id":"1060832","bin":"1022637","base_bbl":"1009980018","mappluto_bbl":"1009980018","height_m":51.5},"geometry":{"type":"MultiPolygon","coordinates":[[[[-73.983643206423,40.757513806569],[-73.983777089319,40.757324244841],[-73.983960129233,40.75739899529],[-73.983826245523,40.757588557229],[-73.983643206423,40.757513806569]]]]}},{"type":"Feature","id":352,"properties":{"source_id":"897352","bin":"1034248","base_bbl":"1012610027","mappluto_bbl":"1012610027","height_m":38.9},"geometry":{"type":"MultiPolygon","coordinates":[[[[-73.980186383396,40.756054774973],[-73.9802253682,40.756001161078],[-73.980326214002,40.755862471696],[-73.980460165902,40.75591879319],[-73.980453529277,40.755927920487],[-73.980302358995,40.756135819632],[-73.980284677401,40.756160137457],[-73.980248081441,40.756144750557],[-73.980265763045,40.756120431837],[-73.980168406793,40.756079497057],[-73.980186383396,40.756054774973]]]]}},{"type":"Feature","id":516,"properties":{"source_id":"511809","bin":"1081059","base_bbl":"1012600007","mappluto_bbl":"1012600007","height_m":43},"geometry":{"type":"MultiPolygon","coordinates":[[[[-73.982390141097,40.756012475952],[-73.982263345168,40.755959029517],[-73.982210689229,40.755936834747],[-73.982263117989,40.755864910459],[-73.982489937641,40.755960517593],[-73.982460209099,40.756001405021],[-73.982437610881,40.756032485223],[-73.982395221984,40.75601461813],[-73.982390141097,40.756012475952]]]]}},{"type":"Feature","id":1067,"properties":{"source_id":"835337","bin":"1034267","base_bbl":"1012610112","mappluto_bbl":"1012610112","height_m":23.3},"geometry":{"type":"MultiPolygon","coordinates":[[[[-73.981343643353,40.75660070774],[-73.981509689724,40.756372345647],[-73.981516525272,40.756362943667],[-73.981586439313,40.756392338351],[-73.981549295171,40.756443422579],[-73.981479444504,40.756539488985],[-73.981413557568,40.756630102528],[-73.981343643353,40.75660070774]]]]}},{"type":"Feature","id":1155,"properties":{"source_id":"575623","bin":"1035361","base_bbl":"1012780062","mappluto_bbl":"1012780062","height_m":19.9},"geometry":{"type":"MultiPolygon","coordinates":[[[[-73.978967112412,40.75428311143],[-73.979057237777,40.754159763081],[-73.979125025574,40.754066986383],[-73.979204012817,40.754100359899],[-73.979046101015,40.754316485955],[-73.978967112412,40.75428311143]]]]}},{"type":"Feature","id":1736,"properties":{"source_id":"134006","bin":"1034326","base_bbl":"1012620024","mappluto_bbl":"1012620024","height_m":61},"geometry":{"type":"MultiPolygon","coordinates":[[[[-73.979866247192,40.756727677016],[-73.979985133099,40.756564729684],[-73.980037422908,40.75658679033],[-73.980061090081,40.756585147404],[-73.98013881857,40.756617939223],[-73.980149296528,40.756633987133],[-73.9801966678,40.756653972095],[-73.980138944111,40.756733089559],[-73.980088030007,40.756802874433],[-73.980052263793,40.756787785683],[-73.980002069863,40.756856581889],[-73.979862609389,40.756797746498],[-73.979873018309,40.75678347891],[-73.979884515978,40.756767720274],[-73.979848207523,40.756752402638],[-73.979866247192,40.756727677016]]]]}},{"type":"Feature","id":1784,"properties":{"source_id":"617059","bin":"1034482","base_bbl":"1012630023","mappluto_bbl":"1012630023","height_m":22},"geometry":{"type":"MultiPolygon","coordinates":[[[[-73.979595551697,40.757507013078],[-73.979770694533,40.757265645532],[-73.979864052462,40.757304815854],[-73.979688908677,40.75754618444],[-73.979595551697,40.757507013078]]]]}},{"type":"Feature","id":1887,"properties":{"source_id":"333888","bin":"1034249","base_bbl":"1012610029","mappluto_bbl":"1012610029","height_m":63.1},"geometry":{"type":"MultiPolygon","coordinates":[[[[-73.980086526548,40.756012788803],[-73.980226357354,40.755820485646],[-73.980326214002,40.755862471696],[-73.9802253682,40.756001161078],[-73.980186383396,40.756054774973],[-73.980143960738,40.756036937663],[-73.980086526548,40.756012788803]]]]}},{"type":"Feature","id":1929,"properties":{"source_id":"690886","bin":"1076266","base_bbl":"1012760004","mappluto_bbl":"1012760004","height_m":129.7},"geometry":{"type":"MultiPolygon","coordinates":[[[[-73.980515106796,40.753021644592],[-73.980643835813,40.752845374275],[-73.980646180189,40.752842164366],[-73.980766427468,40.752818158108],[-73.980905066974,40.752876708645],[-73.980911200428,40.75289490258],[-73.980879906273,40.752937728147],[-73.980878061815,40.752940251959],[-73.980911604935,40.752954417975],[-73.981034810016,40.753006449736],[-73.980947878867,40.753125486757],[-73.980845847393,40.753082395946],[-73.980643995392,40.752997149149],[-73.980565944756,40.753104026044],[-73.980517564277,40.753170272584],[-73.980432763984,40.753134398272],[-73.980515106796,40.753021644592]]]]}},{"type":"Feature","id":2047,"properties":{"source_id":"998259","bin":"1022617","base_bbl":"1009960046","mappluto_bbl":"1009960046","height_m":24},"geometry":{"type":"MultiPolygon","coordinates":[[[[-73.984372582136,40.756566599704],[-73.984544359053,40.75632833566],[-73.984565790804,40.756298610151],[-73.98458003793,40.75630454909],[-73.984775744334,40.756386135685],[-73.984813623889,40.756401927443],[-73.984748596333,40.756488672636],[-73.984705261381,40.756548780123],[-73.984662162552,40.756606538207],[-73.984617294569,40.756668771549],[-73.984604747746,40.756663532535],[-73.984372582136,40.756566599704]]]]}},{"type":"Feature","id":2080,"properties":{"source_id":"22603","bin":"1034202","base_bbl":"1012590001","mappluto_bbl":"1012590001","height_m":83.5},"geometry":{"type":"MultiPolygon","coordinates":[[[[-73.982301377087,40.755687881481],[-73.982314419967,40.755669914799],[-73.982650371804,40.755207148399],[-73.983335567819,40.755494785443],[-73.983405497156,40.755524140307],[-73.983316317198,40.755646986986],[-73.983174993502,40.755841660208],[-73.983056506228,40.756004875655],[-73.983044124248,40.755999677918],[-73.982532775121,40.755785020997],[-73.982461240287,40.755754990881],[-73.982320126904,40.755695752076],[-73.982301377087,40.755687881481]],[[-73.982952392709,40.755606803588],[-73.982927318799,40.755595834421],[-73.982895074992,40.755638455963],[-73.982920150096,40.755649425138],[-73.982952392709,40.755606803588]]]]}},{"type":"Feature","id":2205,"properties":{"source_id":"844773","bin":"1034195","base_bbl":"1012580001","mappluto_bbl":"1012580001","height_m":61.3},"geometry":{"type":"MultiPolygon","coordinates":[[[[-73.983075879744,40.754802924338],[-73.983135570685,40.754720889832],[-73.98320654359,40.754623348433],[-73.983222645647,40.754630123481],[-73.983709748924,40.754835076407],[-73.983863194975,40.754899639033],[-73.98372991536,40.755083761059],[-73.98368995538,40.755138962699],[-73.983507553551,40.755062610787],[-73.983031824279,40.754863470552],[-73.983075879744,40.754802924338]]]]}},{"type":"Feature","id":2331,"properties":{"source_id":"418098","bin":"1034269","base_bbl":"1012610160","mappluto_bbl":"1012610160","height_m":15.4},"geometry":{"type":"MultiPolygon","coordinates":[[[[-73.981037193693,40.756792521167],[-73.981215761303,40.756546940301],[-73.98128194081,40.75657476498],[-73.981251809646,40.756616204036],[-73.981103372184,40.756820345947],[-73.981037193693,40.756792521167]]]]}},{"type":"Feature","id":2655,"properties":{"source_id":"948342","bin":"1034216","base_bbl":"1012590117","mappluto_bbl":"1012590117","height_m":13.9},"geometry":{"type":"MultiPolygon","coordinates":[[[[-73.981906190026,40.755137307789],[-73.982041153273,40.754951399732],[-73.982114950978,40.754982379597],[-73.981948438565,40.755211744797],[-73.981874640683,40.755180764827],[-73.981906190026,40.755137307789]]]]}},{"type":"Feature","id":2791,"properties":{"source_id":"207531","bin":"1081126","base_bbl":"1012620009","mappluto_bbl":"1012620009","height_m":46},"geometry":{"type":"MultiPolygon","coordinates":[[[[-73.980943175698,40.757554025108],[-73.980994391579,40.757483827482],[-73.98101226432,40.757491367658],[-73.981035175244,40.757459965412],[-73.981017301324,40.75745242524],[-73.981031412285,40.757433084713],[-73.981070269217,40.757379826221],[-73.981079006361,40.757367850937],[-73.981101942089,40.757336413562],[-73.981111214705,40.757323703551],[-73.981042225885,40.757294599598],[-73.98109670411,40.75721992875],[-73.981115736215,40.757193842434],[-73.981128878447,40.757199386297],[-73.981194577797,40.757227102883],[-73.981231787759,40.757176099832],[-73.981190909362,40.757158855695],[-73.981152946219,40.757142840309],[-73.981207099591,40.757068615105],[-73.981281272199,40.757099905329],[-73.981378756102,40.75714103009],[-73.981324604046,40.757215255374],[-73.98131249314,40.757210146645],[-73.981275282037,40.757261148822],[-73.981287392949,40.757266258455],[-73.981213882798,40.757367015727],[-73.981210597642,40.757371517717],[-73.981222689624,40.75737661925],[-73.98121670218,40.757384826379],[-73.981109151845,40.757532240405],[-73.981126803186,40.757539686874],[-73.981075588586,40.757609884558],[-73.980943175698,40.757554025108]]]]}},{"type":"Feature","id":3336,"properties":{"source_id":"845727","bin":"1034259","base_bbl":"1012610052","mappluto_bbl":"1012610052","height_m":16.5},"geometry":{"type":"MultiPolygon","coordinates":[[[[-73.980359317423,40.756484961583],[-73.980525332524,40.756256646825],[-73.980580241459,40.756279733344],[-73.980505974207,40.756381870526],[-73.980414226488,40.756508049081],[-73.980391658032,40.756498560219],[-73.980359317423,40.756484961583]]]]}},{"type":"Feature","id":3354,"properties":{"source_id":"1038115","bin":"1034356","base_bbl":"1012620067","mappluto_bbl":"1012627501","height_m":63.4},"geometry":{"type":"MultiPolygon","coordinates":[[[[-73.981075588586,40.757609884558],[-73.981126803186,40.757539686874],[-73.981233089426,40.757394006098],[-73.981240342121,40.757384065701],[-73.9815461603,40.75751307824],[-73.981553074262,40.757515995183],[-73.98153450308,40.75754145039],[-73.981593267653,40.757566239895],[-73.981559665132,40.757612298063],[-73.981530889086,40.757600159147],[-73.981509462765,40.757629527487],[-73.981538237636,40.757641666409],[-73.981438000726,40.757779057485],[-73.981166143888,40.757664372756],[-73.981148101756,40.757656761437],[-73.981148283016,40.757656512927],[-73.981157188409,40.757644308036],[-73.981075588586,40.757609884558]]]]}},{"type":"Feature","id":3565,"properties":{"source_id":"230122","bin":"1034321","base_bbl":"1012620018","mappluto_bbl":"1012620018","height_m":17.5},"geometry":{"type":"MultiPolygon","coordinates":[[[[-73.980444024,40.757048126784],[-73.980550831032,40.756901734415],[-73.980612184296,40.756817640265],[-73.980674566441,40.756843957207],[-73.980614687,40.756926030003],[-73.980574158353,40.75698158075],[-73.980547830259,40.756970473978],[-73.980523477489,40.757003852494],[-73.980539285006,40.757010521606],[-73.980503422802,40.757059675925],[-73.980513943393,40.757064113594],[-73.980506406295,40.757074443816],[-73.980444024,40.757048126784]]]]}},{"type":"Feature","id":3623,"properties":{"source_id":"31703","bin":"1034235","base_bbl":"1012600064","mappluto_bbl":"1012600064","height_m":66.3},"geometry":{"type":"MultiPolygon","coordinates":[[[[-73.981751921366,40.756208905627],[-73.981854018758,40.756068847242],[-73.981863272102,40.756056153375],[-73.981887055474,40.756066178841],[-73.981914467186,40.756028575341],[-73.981949498106,40.756043341018],[-73.982018210143,40.756072303911],[-73.981998883727,40.756098816274],[-73.981870372267,40.75627511057],[-73.98183992296,40.756316881118],[-73.981712396316,40.756263125991],[-73.981713758678,40.756261256758],[-73.981743203446,40.756220864758],[-73.981751921366,40.756208905627]]]]}},{"type":"Feature","id":4490,"properties":{"source_id":"60707","bin":"1035341","base_bbl":"1012760066","mappluto_bbl":"1012760066","height_m":24.1},"geometry":{"type":"MultiPolygon","coordinates":[[[[-73.980225460028,40.75304669954],[-73.980320739248,40.752916454091],[-73.980382814058,40.752831599211],[-73.98045715677,40.752863049404],[-73.980393491084,40.752950002232],[-73.980299697529,40.75307810479],[-73.980225460028,40.75304669954]]]]}},{"type":"Feature","id":4498,"properties":{"source_id":"299110","bin":"1016007","base_bbl":"1008400060","mappluto_bbl":"1008400060","height_m":10.8},"geometry":{"type":"MultiPolygon","coordinates":[[[[-73.983443499615,40.751982870292],[-73.983591349216,40.751780105617],[-73.983615010327,40.751747656552],[-73.983679846928,40.751774997911],[-73.983755571787,40.751806930648],[-73.983616439659,40.751997739855],[-73.983584061418,40.752042144595],[-73.983443499615,40.751982870292]]]]}},{"type":"Feature","id":4567,"properties":{"source_id":"894890","bin":"1035369","base_bbl":"1012790009","mappluto_bbl":"1012790009","height_m":64.8},"geometry":{"type":"MultiPolygon","coordinates":[[[[-73.978776543301,40.754710596011],[-73.978679816313,40.754670122038],[-73.978812942044,40.754486146293],[-73.978846030848,40.754440418396],[-73.979107246521,40.754549720805],[-73.978999316605,40.754698877133],[-73.978940209726,40.754674144764],[-73.97893040036,40.754687701883],[-73.978881925685,40.754754692422],[-73.978776543301,40.754710596011]]]]}},{"type":"Feature","id":4616,"properties":{"source_id":"502984","bin":"1034198","base_bbl":"1012580021","mappluto_bbl":"1012580021","height_m":115.2},"geometry":{"type":"MultiPolygon","coordinates":[[[[-73.98140928606,40.754487104201],[-73.981581681587,40.754248959866],[-73.981438265617,40.754188921752],[-73.981610070324,40.753951594028],[-73.981966873828,40.754101731402],[-73.98212499348,40.754168264687],[-73.982220612319,40.754208498766],[-73.981877146862,40.754682960364],[-73.98140928606,40.754487104201]]]]}},{"type":"Feature","id":4696,"properties":{"source_id":"349436","bin":"1015996","base_bbl":"1008400021","mappluto_bbl":"1008400021","height_m":18.5},"geometry":{"type":"MultiPolygon","coordinates":[[[[-73.984288568693,40.751992054932],[-73.984433776639,40.751792910651],[-73.984438680537,40.751786184534],[-73.984560756672,40.75183766127],[-73.984462756874,40.751972063911],[-73.984444654337,40.751964429681],[-73.984392542539,40.752035898488],[-73.984381849615,40.752031390007],[-73.984288568693,40.751992054932]]]]}},{"type":"Feature","id":4716,"properties":{"source_id":"956943","bin":"1035322","base_bbl":"1012750059","mappluto_bbl":"1012750059","height_m":103},"geometry":{"type":"MultiPolygon","coordinates":[[[[-73.980106607004,40.751897105919],[-73.980408954379,40.752021878702],[-73.980316560208,40.752151421438],[-73.980251305736,40.752242910673],[-73.979948924483,40.752118184301],[-73.980061465268,40.751960397378],[-73.980080370883,40.751933890655],[-73.980106607004,40.751897105919]]]]}},{"type":"Feature","id":4772,"properties":{"source_id":"228103","bin":"1034345","base_bbl":"1012620056","mappluto_bbl":"1012620056","height_m":58.4},"geometry":{"type":"MultiPolygon","coordinates":[[[[-73.980202244884,40.757257736618],[-73.98027267856,40.75716119833],[-73.980358749011,40.757043228838],[-73.980385284317,40.757054423938],[-73.980402622521,40.757030660754],[-73.980444024,40.757048126784],[-73.980506406295,40.757074443816],[-73.98056685029,40.757099943728],[-73.980604714989,40.757115917868],[-73.980587376835,40.757139681082],[-73.980612544597,40.757150297774],[-73.980554148058,40.757230338345],[-73.980456041036,40.757364805895],[-73.980202244884,40.757257736618]]]]}},{"type":"Feature","id":4962,"properties":{"source_id":"531346","bin":"1035378","base_bbl":"1012790063","mappluto_bbl":"1012790063","height_m":16.5},"geometry":{"type":"MultiPolygon","coordinates":[[[[-73.978607272464,40.754944521447],[-73.978776543301,40.754710596011],[-73.978881925685,40.754754692422],[-73.978917394573,40.754769534747],[-73.978748125265,40.755003459488],[-73.978607272464,40.754944521447]]]]}},{"type":"Feature","id":5010,"properties":{"source_id":"56148","bin":"1022628","base_bbl":"1009970017","mappluto_bbl":"1009970017","height_m":70.1},"geometry":{"type":"MultiPolygon","coordinates":[[[[-73.984349845478,40.757053881633],[-73.984249372361,40.757011473956],[-73.984196212873,40.756989035992],[-73.984205713478,40.756976020491],[-73.984249516906,40.756916013215],[-73.984320235754,40.756819132096],[-73.984369664669,40.756751417214],[-73.984422112377,40.756773554234],[-73.98443845071,40.756780450711],[-73.984429240406,40.756793069147],[-73.984406246025,40.756824568413],[-73.98446221653,40.756848191726],[-73.984494420005,40.756804074007],[-73.984559079529,40.7568313662],[-73.9843856282,40.75706898526],[-73.984349845478,40.757053881633]]]]}},{"type":"Feature","id":5248,"properties":{"source_id":"51839","bin":"1076258","base_bbl":"1012610046","mappluto_bbl":"1012617502","height_m":72.2},"geometry":{"type":"MultiPolygon","coordinates":[[[[-73.979882992083,40.756284685353],[-73.980009893022,40.756110164288],[-73.980213338037,40.756195705094],[-73.980086436284,40.756370226381],[-73.979882992083,40.756284685353]]]]}},{"type":"Feature","id":5346,"properties":{"source_id":"1026697","bin":"1076256","base_bbl":"1012590018","mappluto_bbl":"1012590018","height_m":14.2},"geometry":{"type":"MultiPolygon","coordinates":[[[[-73.981847587135,40.755069829996],[-73.981958694252,40.754916783123],[-73.982041153273,40.754951399732],[-73.981906190026,40.755137307789],[-73.981823729661,40.755102691084],[-73.981847587135,40.755069829996]]]]}},{"type":"Feature","id":5475,"properties":{"source_id":"54308","bin":"1089023","base_bbl":"1012610001","mappluto_bbl":"1012617501","height_m":6.1},"geometry":{"type":"MultiPolygon","coordinates":[[[[-73.98116507607,40.756846288802],[-73.981313482598,40.756642188231],[-73.981343643353,40.75660070774],[-73.981413557568,40.756630102528],[-73.981383720261,40.756671137339],[-73.981334002786,40.756739512766],[-73.981380876006,40.756759219804],[-73.981281862566,40.756895390776],[-73.98116507607,40.756846288802]]]]}},{"type":"Feature","id":5503,"properties":{"source_id":"1043371","bin":"1034205","base_bbl":"1012590015","mappluto_bbl":"1012597501","height_m":53.3},"geometry":{"type":"MultiPolygon","coordinates":[[[[-73.981731602637,40.75544869124],[-73.981870347197,40.755257577269],[-73.981875842753,40.755250006684],[-73.981884962129,40.755237443365],[-73.981905119622,40.755245904981],[-73.981919314174,40.755251864053],[-73.981931904539,40.755234521392],[-73.981948438565,40.755211744797],[-73.982114950978,40.754982379597],[-73.982313519314,40.755065738529],[-73.982328771233,40.755072141662],[-73.982186858292,40.755267624053],[-73.982185268091,40.755266956532],[-73.982078217956,40.755222017313],[-73.981871134243,40.755507266847],[-73.981843975286,40.755495864872],[-73.981731602637,40.75544869124]]]]}},{"type":"Feature","id":5729,"properties":{"source_id":"1045701","bin":"1090909","base_bbl":"1012570001","mappluto_bbl":"1012570001","height_m":4},"geometry":{"type":"MultiPolygon","coordinates":[[[[-73.983455773969,40.752986202615],[-73.983410527118,40.753048692109],[-73.983348553368,40.753023358245],[-73.983393994495,40.752960731926],[-73.983455773969,40.752986202615]]]]}},{"type":"Feature","id":5903,"properties":{"source_id":"609385","bin":"1034349","base_bbl":"1012620063","mappluto_bbl":"1012620063","height_m":20.4},"geometry":{"type":"MultiPolygon","coordinates":[[[[-73.980810060803,40.757502189746],[-73.980977225832,40.75727306771],[-73.980978588235,40.757271200287],[-73.980980511,40.757268564825],[-73.980984984498,40.757270452122],[-73.981042225885,40.757294599598],[-73.981010016325,40.757338746964],[-73.980962423387,40.757403980712],[-73.98091950164,40.757462810821],[-73.980874186713,40.757524921056],[-73.980871775838,40.757528225509],[-73.980833766381,40.7575121902],[-73.980810060803,40.757502189746]]]]}},{"type":"Feature","id":6350,"properties":{"source_id":"154409","bin":"1034484","base_bbl":"1012630034","mappluto_bbl":"1012630034","height_m":121.9},"geometry":{"type":"MultiPolygon","coordinates":[[[[-73.979052790839,40.757279283267],[-73.97902281235,40.757266704958],[-73.979014880212,40.757263377048],[-73.978815678326,40.757179794418],[-73.978589598515,40.757084933926],[-73.978503266731,40.757048710335],[-73.978543037816,40.756993902193],[-73.978678124426,40.756807740603],[-73.97867841232,40.756807343534],[-73.979400222927,40.757110204013],[-73.979466916143,40.757138186512],[-73.979443845782,40.757169980139],[-73.979291771357,40.757379554501],[-73.979052790839,40.757279283267]]]]}},{"type":"Feature","id":6394,"properties":{"source_id":"34551","bin":"1034251","base_bbl":"1012610038","mappluto_bbl":"1012610038","height_m":22.3},"geometry":{"type":"MultiPolygon","coordinates":[[[[-73.97937421075,40.75584970262],[-73.979413773041,40.755795295756],[-73.979729357295,40.755927989857],[-73.979689795183,40.755982396829],[-73.97937421075,40.75584970262]]]]}},{"type":"Feature","id":6422,"properties":{"source_id":"211435","bin":"1016043","base_bbl":"1008410026","mappluto_bbl":"1008410026","height_m":23.1},"geometry":{"type":"MultiPolygon","coordinates":[[[[-73.9834400689,40.752455568745],[-73.983565709229,40.752278853457],[-73.983594921562,40.752237764836],[-73.983669137468,40.752268280017],[-73.983570249524,40.752407368898],[-73.983514284978,40.752486084024],[-73.983484726887,40.752473931066],[-73.9834400689,40.752455568745]]]]}},{"type":"Feature","id":6477,"properties":{"source_id":"994220","bin":"1034264","base_bbl":"1012610057","mappluto_bbl":"1012610057","height_m":24.1},"geometry":{"type":"MultiPolygon","coordinates":[[[[-73.980775299574,40.756682407202],[-73.980937037025,40.756459974145],[-73.980953867855,40.756436826738],[-73.98103400861,40.756470522459],[-73.9810972029,40.756497092349],[-73.981155849189,40.756521749687],[-73.980977280241,40.756767330461],[-73.980942729883,40.756752803203],[-73.980775299574,40.756682407202]]]]}},{"type":"Feature","id":6631,"properties":{"source_id":"881528","bin":"1034350","base_bbl":"1012620072","mappluto_bbl":"1012620072","height_m":16.9},"geometry":{"type":"MultiPolygon","coordinates":[[[[-73.981438000726,40.757779057485],[-73.981538237636,40.757641666409],[-73.981559665132,40.757612298063],[-73.981620813376,40.7576380938],[-73.981499149076,40.757804853286],[-73.981459042261,40.757787933551],[-73.981438000726,40.757779057485]]]]}},{"type":"Feature","id":6853,"properties":{"source_id":"580697","bin":"1016058","base_bbl":"1008410081","mappluto_bbl":"1008410081","height_m":65.4},"geometry":{"type":"MultiPolygon","coordinates":[[[[-73.984233269928,40.753125412306],[-73.984389652124,40.752909925461],[-73.984443714244,40.752932614713],[-73.984517944191,40.752963766904],[-73.984614790624,40.753004411598],[-73.984458291664,40.75322005902],[-73.984233269928,40.753125412306]]]]}},{"type":"Feature","id":7098,"properties":{"source_id":"925763","bin":"1034344","base_bbl":"1012620054","mappluto_bbl":"1012620054","height_m":50.4},"geometry":{"type":"MultiPolygon","coordinates":[[[[-73.98002700554,40.757162696767],[-73.980182569347,40.756949478584],[-73.980369585543,40.75702837505],[-73.980358749011,40.757043228838],[-73.98027267856,40.75716119833],[-73.980202244884,40.757257736618],[-73.98003313513,40.757186394624],[-73.980015228243,40.757178839883],[-73.98002700554,40.757162696767]]]]}},{"type":"Feature","id":7404,"properties":{"source_id":"477779","bin":"1071438","base_bbl":"1012750001","mappluto_bbl":"1012750001","height_m":102},"geometry":{"type":"MultiPolygon","coordinates":[[[[-73.981286022805,40.752359115383],[-73.981162331763,40.752308071661],[-73.981198197156,40.752257810382],[-73.981103246924,40.752218627344],[-73.981106753386,40.752213713858],[-73.981118099628,40.752197812785],[-73.981155640038,40.752145203273],[-73.981155816454,40.752145276243],[-73.98125249763,40.752185173621],[-73.981321000037,40.752089176413],[-73.981545625094,40.752181871968],[-73.981552085045,40.7521845376],[-73.98154579243,40.752193356147],[-73.981556043578,40.752197586564],[-73.981559899497,40.752200617384],[-73.981564169548,40.752204801817],[-73.981567816648,40.752209314836],[-73.981570796999,40.752214101501],[-73.981573076277,40.752219105977],[-73.981575431026,40.75222953061],[-73.981575456306,40.752232321282],[-73.981575479296,40.752234826493],[-73.981574685474,40.752240716575],[-73.981567089791,40.75225136204],[-73.981578410111,40.752256033875],[-73.9815721092,40.752264864128],[-73.98145507472,40.752428876993],[-73.981439572448,40.752422480004],[-73.981286022805,40.752359115383]]]]}},{"type":"Feature","id":7434,"properties":{"source_id":"51927","bin":"1034212","base_bbl":"1012590038","mappluto_bbl":"1012597502","height_m":98},"geometry":{"type":"MultiPolygon","coordinates":[[[[-73.980352660735,40.754510006108],[-73.980382447602,40.754522511102],[-73.980746514426,40.754675354096],[-73.98072199314,40.75470913066],[-73.981036299691,40.754841081673],[-73.981116754724,40.754874858443],[-73.981096786182,40.754902364711],[-73.9809655817,40.755083091676],[-73.980942324411,40.755115126016],[-73.980465484858,40.754914941218],[-73.980153705835,40.75478404988],[-73.980241288793,40.754663411598],[-73.980352660735,40.754510006108]]]]}},{"type":"Feature","id":7450,"properties":{"source_id":"722492","bin":"1016048","base_bbl":"1008410054","mappluto_bbl":"1008410054","height_m":88.7},"geometry":{"type":"MultiPolygon","coordinates":[[[[-73.98250269502,40.752385443778],[-73.982647338927,40.752184297147],[-73.982659456145,40.752189336402],[-73.982848364918,40.752267895997],[-73.982696539347,40.752479029309],[-73.982617129545,40.752445626598],[-73.982496043602,40.752394693664],[-73.98250269502,40.752385443778]]]]}},{"type":"Feature","id":7473,"properties":{"source_id":"1058547","bin":"1089022","base_bbl":"1012580009","mappluto_bbl":"1012580009","height_m":6.1},"geometry":{"type":"MultiPolygon","coordinates":[[[[-73.98328551411,40.755243923485],[-73.983328003638,40.755185172559],[-73.983346490578,40.755192904271],[-73.983350462564,40.755187413563],[-73.983471184878,40.755237899775],[-73.983418673667,40.755310508091],[-73.983293799897,40.755258285047],[-73.983299850881,40.755249918428],[-73.98328551411,40.755243923485]]]]}},{"type":"Feature","id":7497,"properties":{"source_id":"18420","bin":"1034256","base_bbl":"1012610048","mappluto_bbl":"1012610048","height_m":46.4},"geometry":{"type":"MultiPolygon","coordinates":[[[[-73.980086436284,40.756370226381],[-73.980213338037,40.756195705094],[-73.980223072708,40.756182317152],[-73.980227741486,40.756184280154],[-73.980248059094,40.756156219389],[-73.980275453685,40.756167691118],[-73.98025510647,40.756195786102],[-73.980359704712,40.756239765751],[-73.980223068555,40.756427675141],[-73.980086436284,40.756370226381]]]]}},{"type":"Feature","id":7565,"properties":{"source_id":"219660","bin":"1034207","base_bbl":"1012590025","mappluto_bbl":"1012590025","height_m":47.6},"geometry":{"type":"MultiPolygon","coordinates":[[[[-73.981276464404,40.754941906434],[-73.981116754724,40.754874858443],[-73.981036299691,40.754841081673],[-73.981089763142,40.754767439013],[-73.981209634333,40.754602322116],[-73.981513370136,40.754729833314],[-73.981391659711,40.754897482448],[-73.981340035066,40.754968593323],[-73.981276464404,40.754941906434]]]]}},{"type":"Feature","id":7780,"properties":{"source_id":"1078638","bin":"1090962","base_bbl":"1201519999","mappluto_bbl":"1201519999","height_m":0},"geometry":{"type":"MultiPolygon","coordinates":[[[[-73.981420431451,40.753617287351],[-73.981353871317,40.75358887915],[-73.98137423371,40.753561289149],[-73.981440795009,40.753589698238],[-73.981420431451,40.753617287351]]]]}},{"type":"Feature","id":7967,"properties":{"source_id":"963521","bin":"1082694","base_bbl":"1012620127","mappluto_bbl":"1012620127","height_m":16.1},"geometry":{"type":"MultiPolygon","coordinates":[[[[-73.979827554039,40.756711353092],[-73.9799529263,40.756539515339],[-73.979991619383,40.756555839221],[-73.979985133099,40.756564729684],[-73.979866247192,40.756727677016],[-73.979827554039,40.756711353092]]]]}},{"type":"Feature","id":8034,"properties":{"source_id":"956143","bin":"1034341","base_bbl":"1012620048","mappluto_bbl":"1012620048","height_m":55.4},"geometry":{"type":"MultiPolygon","coordinates":[[[[-73.979567556189,40.756989976738],[-73.97966740955,40.756853117602],[-73.979724225223,40.756775244715],[-73.97974616374,40.756784500365],[-73.979763337427,40.756760961473],[-73.979844251136,40.756795097603],[-73.980033660702,40.756875005402],[-73.980016485898,40.756898543433],[-73.980041189319,40.75690896476],[-73.979884519809,40.75712369721],[-73.979567556189,40.756989976738]]]]}},{"type":"Feature","id":8096,"properties":{"source_id":"620813","bin":"1034244","base_bbl":"1012610019","mappluto_bbl":"1012610019","height_m":50.2},"geometry":{"type":"MultiPolygon","coordinates":[[[[-73.980829346841,40.756384471417],[-73.980767728767,40.756358563514],[-73.980754724078,40.756353096176],[-73.980767939278,40.756334920782],[-73.980927607457,40.756115332979],[-73.981025600075,40.756156533772],[-73.981092149729,40.75618451531],[-73.980994882774,40.756318284685],[-73.980919266758,40.756422278752],[-73.980829346841,40.756384471417]]]]}},{"type":"Feature","id":8099,"properties":{"source_id":"1065032","bin":"1016046","base_bbl":"1008410049","mappluto_bbl":"1008410049","height_m":133.5},"geometry":{"type":"MultiPolygon","coordinates":[[[[-73.982448944383,40.752371249933],[-73.982460142241,40.75235562426],[-73.982441939153,40.752348080651],[-73.982450498944,40.752336135844],[-73.982434038736,40.752329314705],[-73.982441455405,40.752318965422],[-73.982426944094,40.752312951432],[-73.982433337283,40.752304030195],[-73.98241812267,40.752297725233],[-73.982429417658,40.752281964502],[-73.982381747993,40.752262209128],[-73.98238576965,40.75225659689],[-73.98237008855,40.752250097341],[-73.982373231248,40.752245711458],[-73.982356837375,40.752238917333],[-73.982359811862,40.752234766457],[-73.982276270835,40.752179875906],[-73.982144261332,40.752113451317],[-73.982157539178,40.75209114154],[-73.982124587541,40.752079799062],[-73.982216967359,40.751950554742],[-73.982375582381,40.751728639526],[-73.982672510417,40.7518513767],[-73.982961725689,40.751970924176],[-73.982791809422,40.752206457754],[-73.982668421948,40.752154979849],[-73.982657929008,40.752169570068],[-73.982647338927,40.752184297147],[-73.98250269502,40.752385443778],[-73.982492604821,40.752381235082],[-73.982488101052,40.752387477604],[-73.982448944383,40.752371249933]]]]}},{"type":"Feature","id":8150,"properties":{"source_id":"777224","bin":"1016059","base_bbl":"1008410085","mappluto_bbl":"1008410085","height_m":66.2},"geometry":{"type":"MultiPolygon","coordinates":[[[[-73.984458291664,40.75322005902],[-73.984614790624,40.753004411598],[-73.984628935212,40.753010347819],[-73.98478547427,40.753076043384],[-73.98476463478,40.753104758659],[-73.984732051793,40.753149657165],[-73.984628888038,40.753291812592],[-73.984595246853,40.753277662954],[-73.984458291664,40.75322005902]]]]}},{"type":"Feature","id":8184,"properties":{"source_id":"590221","bin":"1034477","base_bbl":"1012630014","mappluto_bbl":"1012630014","height_m":74.1},"geometry":{"type":"MultiPolygon","coordinates":[[[[-73.980173404457,40.757737826096],[-73.980205850598,40.757693111688],[-73.980342072495,40.757505378781],[-73.980555409444,40.757594887377],[-73.980386741925,40.757827335001],[-73.980283524168,40.7577840283],[-73.980173404457,40.757737826096]]]]}},{"type":"Feature","id":8285,"properties":{"source_id":"475777","bin":"1035356","base_bbl":"1012780008","mappluto_bbl":"1012780008","height_m":32.6},"geometry":{"type":"MultiPolygon","coordinates":[[[[-73.979284094235,40.754038799552],[-73.979421476575,40.753850770677],[-73.979489493763,40.753879508937],[-73.979598719691,40.753925659435],[-73.979552966453,40.753988279691],[-73.979444217906,40.754137120225],[-73.979266974402,40.754062231231],[-73.979284094235,40.754038799552]]]]}},{"type":"Feature","id":8360,"properties":{"source_id":"434035","bin":"1081143","base_bbl":"1012750008","mappluto_bbl":"1012750008","height_m":69.2},"geometry":{"type":"MultiPolygon","coordinates":[[[[-73.980663862122,40.752103259964],[-73.980738041996,40.751999306283],[-73.980823657929,40.751879325451],[-73.980989479372,40.751947756264],[-73.980887744552,40.752090327337],[-73.980829685143,40.752171691005],[-73.980663862122,40.752103259964]]]]}},{"type":"Feature","id":8446,"properties":{"source_id":"33347","bin":"1082697","base_bbl":"1012620117","mappluto_bbl":"1012620117","height_m":21.6},"geometry":{"type":"MultiPolygon","coordinates":[[[[-73.980506406295,40.757074443816],[-73.980513943393,40.757064113594],[-73.980574158353,40.75698158075],[-73.980614687,40.756926030003],[-73.980674566441,40.756843957207],[-73.980735010292,40.756869456131],[-73.980676487383,40.756949670544],[-73.98056685029,40.757099943728],[-73.980506406295,40.757074443816]]]]}},{"type":"Feature","id":8480,"properties":{"source_id":"915944","bin":"1034320","base_bbl":"1012620017","mappluto_bbl":"1012620017","height_m":16.9},"geometry":{"type":"MultiPolygon","coordinates":[[[[-73.980604714989,40.757115917868],[-73.98056685029,40.757099943728],[-73.980676487383,40.756949670544],[-73.980735010292,40.756869456131],[-73.980798041412,40.756896047768],[-73.980797086547,40.756897356043],[-73.980746783127,40.756966304739],[-73.980697633501,40.757033671418],[-73.98068885114,40.757029967069],[-73.980621100376,40.757122830202],[-73.980604714989,40.757115917868]]]]}},{"type":"Feature","id":8569,"properties":{"source_id":"394914","bin":"1022645","base_bbl":"1009980047","mappluto_bbl":"1009980047","height_m":65.8},"geometry":{"type":"MultiPolygon","coordinates":[[[[-73.98374097351,40.757616143009],[-73.983792034071,40.757636995997],[-73.9839904685,40.757718033185],[-73.983988774456,40.757720432796],[-73.983986996304,40.757722950361],[-73.983818206212,40.757961935251],[-73.983801546701,40.757955131394],[-73.983568709388,40.757860044705],[-73.983569668962,40.757858685079],[-73.983647795875,40.757748069137],[-73.98374097351,40.757616143009]]]]}},{"type":"Feature","id":8742,"properties":{"source_id":"1065246","bin":"1035357","base_bbl":"1012780014","mappluto_bbl":"1012780014","height_m":81.7},"geometry":{"type":"MultiPolygon","coordinates":[[[[-73.979421476575,40.753850770677],[-73.979284094235,40.754038799552],[-73.979271459544,40.754033460883],[-73.979257272603,40.754027466365],[-73.979204012817,40.754100359899],[-73.979125025574,40.754066986383],[-73.979057237777,40.754159763081],[-73.978967112412,40.75428311143],[-73.978820565981,40.754221191931],[-73.978511740723,40.754090705506],[-73.978643193587,40.753910796314],[-73.97886029735,40.753613659575],[-73.979334579097,40.753814055013],[-73.979421476575,40.753850770677]]]]}},{"type":"Feature","id":8757,"properties":{"source_id":"51000","bin":"1035348","base_bbl":"1012770014","mappluto_bbl":"1012770014","height_m":150.6},"geometry":{"type":"MultiPolygon","coordinates":[[[[-73.979840929855,40.753200966075],[-73.979764160529,40.75330656483],[-73.979572490259,40.753570214388],[-73.979520748634,40.753641385675],[-73.979494759312,40.753677134731],[-73.979458875309,40.75366204847],[-73.978976772387,40.753459363926],[-73.979119924058,40.753262456561],[-73.979322944317,40.752983196812],[-73.979332856796,40.752987364331],[-73.979721618299,40.753150805875],[-73.979840929855,40.753200966075]]]]}},{"type":"Feature","id":8758,"properties":{"source_id":"49240","bin":"1034227","base_bbl":"1012600034","mappluto_bbl":"1012607503","height_m":92.2},"geometry":{"type":"MultiPolygon","coordinates":[[[[-73.980596761577,40.755160587988],[-73.980477025483,40.755324840672],[-73.980424565603,40.75539680377],[-73.980188392097,40.755297246738],[-73.980012278917,40.75553883184],[-73.97969809796,40.755406389995],[-73.980046409256,40.754928590401],[-73.980517607775,40.755127220806],[-73.980596761577,40.755160587988]]]]}},{"type":"Feature","id":8857,"properties":{"source_id":"3342","bin":"1034479","base_bbl":"1012630018","mappluto_bbl":"1012630018","height_m":63.2},"geometry":{"type":"MultiPolygon","coordinates":[[[[-73.980074169156,40.757707828457],[-73.980009742652,40.757680796739],[-73.979994377868,40.757674350057],[-73.979942030346,40.757652386639],[-73.980022158429,40.757541959905],[-73.980117173493,40.757411017672],[-73.980264122576,40.757472673514],[-73.980141768952,40.757641293697],[-73.980095454349,40.757705120716],[-73.980088980984,40.757714042703],[-73.980074169156,40.757707828457]]]]}},{"type":"Feature","id":9137,"properties":{"source_id":"625167","bin":"1016045","base_bbl":"1008410031","mappluto_bbl":"1008410031","height_m":51.8},"geometry":{"type":"MultiPolygon","coordinates":[[[[-73.982946625683,40.752271047947],[-73.982791809422,40.752206457754],[-73.982961725689,40.751970924176],[-73.983105443785,40.752030883915],[-73.983330147834,40.752124631395],[-73.983231293069,40.752261661436],[-73.983160231294,40.752360165512],[-73.982946625683,40.752271047947]]]]}},{"type":"Feature","id":9174,"properties":{"source_id":"894901","bin":"1035326","base_bbl":"1012750064","mappluto_bbl":"1012750064","height_m":68.9},"geometry":{"type":"MultiPolygon","coordinates":[[[[-73.980574887728,40.752376380135],[-73.980619082737,40.752314422869],[-73.980690434042,40.752214394051],[-73.980719896852,40.75217309008],[-73.9809211112,40.752256125907],[-73.980808017569,40.752414612363],[-73.9807760587,40.752459399096],[-73.980574887728,40.752376380135]]]]}},{"type":"Feature","id":9180,"properties":{"source_id":"1065822","bin":"1035344","base_bbl":"1012770002","mappluto_bbl":"1012770002","height_m":124.1},"geometry":{"type":"MultiPolygon","coordinates":[[[[-73.980221033843,40.753369104153],[-73.980222496884,40.753367091773],[-73.980629784455,40.753538333603],[-73.980638496499,40.753541996523],[-73.980598608397,40.753596864829],[-73.98058741825,40.75361225799],[-73.980534212269,40.753685446618],[-73.980464001707,40.753782025674],[-73.980461611158,40.753781020304],[-73.980313264635,40.753718654843],[-73.980080804332,40.753620928027],[-73.980122703234,40.753563293894],[-73.980089890496,40.753549499685],[-73.980118202554,40.753510555001],[-73.980173632444,40.753434307928],[-73.980221033843,40.753369104153]]]]}},{"type":"Feature","id":9209,"properties":{"source_id":"346394","bin":"1035332","base_bbl":"1012760023","mappluto_bbl":"1012760023","height_m":56.7},"geometry":{"type":"MultiPolygon","coordinates":[[[[-73.979239364207,40.752097330772],[-73.979261726789,40.752066726604],[-73.979276598837,40.752046372444],[-73.979283185467,40.752037358664],[-73.979450353779,40.752107999073],[-73.979584834835,40.752164826895],[-73.979541013762,40.752224799116],[-73.979493332089,40.752204649924],[-73.979304909727,40.752125028619],[-73.979239364207,40.752097330772]]]]}},{"type":"Feature","id":9240,"properties":{"source_id":"580546","bin":"1034215","base_bbl":"1012590054","mappluto_bbl":"1012590054","height_m":56.4},"geometry":{"type":"MultiPolygon","coordinates":[[[[-73.981572845068,40.755379824116],[-73.981705567202,40.755197007536],[-73.981715851108,40.755182841516],[-73.981875842753,40.755250006684],[-73.981870347197,40.755257577269],[-73.981731602637,40.75544869124],[-73.981571609476,40.755381525873],[-73.981572845068,40.755379824116]]]]}},{"type":"Feature","id":9297,"properties":{"source_id":"766775","bin":"1034218","base_bbl":"1012600004","mappluto_bbl":"1012600004","height_m":32.4},"geometry":{"type":"MultiPolygon","coordinates":[[[[-73.982331793448,40.756326325555],[-73.982348480422,40.756303356222],[-73.982399602722,40.756232985047],[-73.98238006533,40.756224777557],[-73.98238108531,40.756223375626],[-73.982425970345,40.756161644734],[-73.982757125989,40.756300875978],[-73.982820700899,40.75632760527],[-73.982707099761,40.756483981737],[-73.982447231227,40.756374818303],[-73.982331793448,40.756326325555]]]]}},{"type":"Feature","id":9396,"properties":{"source_id":"495172","bin":"1081144","base_bbl":"1012750008","mappluto_bbl":"1012750008","height_m":12.2},"geometry":{"type":"MultiPolygon","coordinates":[[[[-73.980829685143,40.752171691005],[-73.980887744552,40.752090327337],[-73.980989479372,40.751947756264],[-73.981063647555,40.751978363168],[-73.981037113413,40.752015547896],[-73.980955113143,40.752130463235],[-73.980955063389,40.752130532566],[-73.980903852318,40.75220229801],[-73.980829685143,40.752171691005]]]]}},{"type":"Feature","id":9522,"properties":{"source_id":"761123","bin":"1081124","base_bbl":"1012620009","mappluto_bbl":"1012620009","height_m":17.1},"geometry":{"type":"MultiPolygon","coordinates":[[[[-73.980874186713,40.757524921056],[-73.98091950164,40.757462810821],[-73.980962423387,40.757403980712],[-73.98099570946,40.757418023283],[-73.981031412285,40.757433084713],[-73.981017301324,40.75745242524],[-73.980994391579,40.757483827482],[-73.980943175698,40.757554025108],[-73.980874186713,40.757524921056]]]]}},{"type":"Feature","id":9613,"properties":{"source_id":"703969","bin":"1034220","base_bbl":"1012600012","mappluto_bbl":"1012600012","height_m":42},"geometry":{"type":"MultiPolygon","coordinates":[[[[-73.981738399035,40.755927271329],[-73.981766534598,40.75588867382],[-73.981897570072,40.755708917583],[-73.981905078371,40.755698617881],[-73.981905303454,40.755698309043],[-73.981968260526,40.755724846903],[-73.982131506306,40.755793657443],[-73.982073667179,40.755873003696],[-73.982051971684,40.755875887339],[-73.982010266136,40.755933100748],[-73.982019864015,40.755946812441],[-73.98197222803,40.756012160076],[-73.981964602425,40.756022620954],[-73.981738399035,40.755927271329]]]]}},{"type":"Feature","id":9669,"properties":{"source_id":"737105","bin":"1022641","base_bbl":"1009980026","mappluto_bbl":"1009980026","height_m":46.1},"geometry":{"type":"MultiPolygon","coordinates":[[[[-73.983025997629,40.757282068634],[-73.983073792766,40.757214396394],[-73.983082428932,40.757202169702],[-73.983125214403,40.757219643977],[-73.98318547434,40.757134325414],[-73.983142687724,40.757116852062],[-73.983160842571,40.757091146193],[-73.983174751603,40.757071453275],[-73.983374956211,40.757153215795],[-73.983370607357,40.757159372822],[-73.983322994998,40.757226784065],[-73.983275917066,40.757207557758],[-73.983270480809,40.757205337223],[-73.983253263762,40.757207980406],[-73.983246056321,40.757218183884],[-73.983221257919,40.757253294575],[-73.983228971957,40.757277063633],[-73.983274385062,40.757295609836],[-73.983226201503,40.757363830509],[-73.983025997629,40.757282068634]]]]}},{"type":"Feature","id":9950,"properties":{"source_id":"994061","bin":"1034322","base_bbl":"1012620019","mappluto_bbl":"1012620019","height_m":17.2},"geometry":{"type":"MultiPolygon","coordinates":[[[[-73.980402622521,40.757030660754],[-73.980378977568,40.757020685434],[-73.980390197937,40.757005305815],[-73.980487044039,40.756872565269],[-73.98054713802,40.75679019901],[-73.980612184296,40.756817640265],[-73.980550831032,40.756901734415],[-73.980444024,40.757048126784],[-73.980402622521,40.757030660754]]]]}},{"type":"Feature","id":10045,"properties":{"source_id":"150828","bin":"1034254","base_bbl":"1012610042","mappluto_bbl":"1012610042","height_m":66.2},"geometry":{"type":"MultiPolygon","coordinates":[[[[-73.979566693027,40.756151691685],[-73.979601219129,40.756104210553],[-73.979689795183,40.755982396829],[-73.979729357295,40.755927989857],[-73.979901537425,40.756000385537],[-73.980045655614,40.756060982182],[-73.980023263572,40.756091776486],[-73.980009893022,40.756110164288],[-73.979882992083,40.756284685353],[-73.979750883524,40.75622913795],[-73.979566693027,40.756151691685]]]]}},{"type":"Feature","id":10120,"properties":{"source_id":"220228","bin":"1034219","base_bbl":"1012600010","mappluto_bbl":"1012600010","height_m":30.1},"geometry":{"type":"MultiPolygon","coordinates":[[[[-73.982018210143,40.756072303911],[-73.981949498106,40.756043341018],[-73.981964602425,40.756022620954],[-73.98197222803,40.756012160076],[-73.982019864015,40.755946812441],[-73.982073667179,40.755873003696],[-73.982131506306,40.755793657443],[-73.982271915139,40.755852842339],[-73.982263117989,40.755864910459],[-73.982210689229,40.755936834747],[-73.98218682929,40.755969566232],[-73.982160835235,40.755958609363],[-73.98214293167,40.755983169675],[-73.982168549196,40.755993968001],[-73.982159011587,40.756007114804],[-73.982139015884,40.756034678877],[-73.982120091943,40.756026701066],[-73.982101432538,40.756052298636],[-73.982070715746,40.756094436611],[-73.982018210143,40.756072303911]]]]}},{"type":"Feature","id":10135,"properties":{"source_id":"316828","bin":"1080824","base_bbl":"1009960029","mappluto_bbl":"1009960029","height_m":167.2},"geometry":{"type":"MultiPolygon","coordinates":[[[[-73.983765505636,40.75623845717],[-73.983689998256,40.756206978346],[-73.983654862468,40.756255713218],[-73.983620069022,40.75624120744],[-73.983376349551,40.756139602732],[-73.983479364254,40.755996720855],[-73.983564447037,40.756032191323],[-73.983619300697,40.755956107331],[-73.983705151961,40.755837029468],[-73.98364765503,40.755813058873],[-73.983620745467,40.755801840156],[-73.983721087835,40.755662661454],[-73.983777687117,40.755686294197],[-73.984054812227,40.755802001904],[-73.984019376031,40.755851154684],[-73.984141952012,40.75590225549],[-73.984237329539,40.755942016887],[-73.984128661243,40.756092744767],[-73.984039601299,40.756216275496],[-73.98396396151,40.756321190975],[-73.983765505636,40.75623845717]]]]}},{"type":"Feature","id":10136,"properties":{"source_id":"87605","bin":"1089796","base_bbl":"1009980015","mappluto_bbl":"1009980015","height_m":174.9},"geometry":{"type":"MultiPolygon","coordinates":[[[[-73.983832234188,40.757583832218],[-73.983922523702,40.757453372458],[-73.984219227628,40.757572107265],[-73.984128938533,40.757702566355],[-73.983832234188,40.757583832218]]]]}},{"type":"Feature","id":10264,"properties":{"source_id":"784847","bin":"1016036","base_bbl":"1008410012","mappluto_bbl":"1008410012","height_m":17.7},"geometry":{"type":"MultiPolygon","coordinates":[[[[-73.984443714244,40.752932614713],[-73.984472067337,40.752893545592],[-73.98463236664,40.752672658606],[-73.98463921393,40.752675538436],[-73.984706557296,40.752703864701],[-73.98466231514,40.752764829366],[-73.984517944191,40.752963766904],[-73.984443714244,40.752932614713]]]]}},{"type":"Feature","id":10507,"properties":{"source_id":"1033707","bin":"1071414","base_bbl":"1012610001","mappluto_bbl":"1012617501","height_m":173.7},"geometry":{"type":"MultiPolygon","coordinates":[[[[-73.981567430266,40.756982874977],[-73.981877751218,40.75655337148],[-73.982413404398,40.756777154413],[-73.98244264563,40.756789370625],[-73.982204358798,40.757119179236],[-73.98213232722,40.757218875629],[-73.982035490334,40.757178419782],[-73.981642630824,40.757014292104],[-73.981567430266,40.756982874977]]]]}},{"type":"Feature","id":10566,"properties":{"source_id":"114475","bin":"1090825","base_bbl":"1012770027","mappluto_bbl":"1012770027","height_m":427},"geometry":{"type":"MultiPolygon","coordinates":[[[[-73.979066084266,40.75287637611],[-73.97871342128,40.753357974013],[-73.978033346173,40.753069976267],[-73.978386013735,40.752588379527],[-73.979066084266,40.75287637611]]]]}},{"type":"Feature","id":10712,"properties":{"source_id":"746450","bin":"1035347","base_bbl":"1012770008","mappluto_bbl":"1012770008","height_m":117.4},"geometry":{"type":"MultiPolygon","coordinates":[[[[-73.979515108591,40.753644721046],[-73.979566850225,40.753573549762],[-73.979758520527,40.753309900213],[-73.979835289866,40.753204301462],[-73.979903467641,40.753232964766],[-73.980090437635,40.753311568157],[-73.980008752259,40.753423930823],[-73.9798810165,40.753599636874],[-73.97992947722,40.753620010263],[-73.97990690706,40.753651057566],[-73.979818719513,40.75377236278],[-73.979763712266,40.75374923715],[-73.979645090069,40.753699366959],[-73.979515108591,40.753644721046]]]]}},{"type":"Feature","id":10843,"properties":{"source_id":"143598","bin":"1085017","base_bbl":"1009970010","mappluto_bbl":"1009970010","height_m":12.4},"geometry":{"type":"MultiPolygon","coordinates":[[[[-73.98444117819,40.757408329255],[-73.984617459046,40.757166837428],[-73.984783202461,40.757236794473],[-73.984606923206,40.757478287452],[-73.98444117819,40.757408329255]]]]}},{"type":"Feature","id":10852,"properties":{"source_id":"1026023","bin":"1022629","base_bbl":"1009970019","mappluto_bbl":"1009970019","height_m":49.3},"geometry":{"type":"MultiPolygon","coordinates":[[[[-73.98411281481,40.756953834578],[-73.984123336565,40.756939419839],[-73.984101483829,40.756930196553],[-73.984096518171,40.756921066545],[-73.984092511318,40.756913697157],[-73.984109976099,40.756889771342],[-73.984126226804,40.756896630029],[-73.984149401404,40.756864881404],[-73.984128492424,40.756856056275],[-73.984120138527,40.756867499645],[-73.984056357756,40.756840578337],[-73.984064710476,40.756829134971],[-73.98404950536,40.756822716767],[-73.984002829117,40.756886659677],[-73.983986269375,40.756879669456],[-73.983974688552,40.756895532947],[-73.983901021708,40.756864439036],[-73.983912601359,40.756848575552],[-73.983893532516,40.756840526873],[-73.983931312358,40.756788771106],[-73.983943571433,40.756788895283],[-73.984010399136,40.756697346603],[-73.984006478573,40.756685797979],[-73.984038074566,40.756642514171],[-73.984055407802,40.756618769346],[-73.984222470725,40.7566892866],[-73.98432598531,40.756732979738],[-73.984369664669,40.756751417214],[-73.984320235754,40.756819132096],[-73.984303762685,40.7568211731],[-73.984241221187,40.756906851241],[-73.984249516906,40.756916013215],[-73.984205713478,40.756976020491],[-73.984188536772,40.756968769968],[-73.984179036164,40.756981785467],[-73.98411281481,40.756953834578]]]]}},{"type":"Feature","id":10888,"properties":{"source_id":"53258","bin":"1022638","base_bbl":"1009980021","mappluto_bbl":"1009980021","height_m":12.5},"geometry":{"type":"MultiPolygon","coordinates":[[[[-73.983460200888,40.75743907003],[-73.98350788197,40.757371560587],[-73.983521133477,40.757352796855],[-73.983535902513,40.757331886534],[-73.983549521245,40.757312605061],[-73.983597813424,40.757244228481],[-73.983719417372,40.757293890581],[-73.98364722146,40.75739611021],[-73.983581805089,40.757488731373],[-73.983516091244,40.75746189504],[-73.983460200888,40.75743907003]]]]}},{"type":"Feature","id":10996,"properties":{"source_id":"878787","bin":"1035389","base_bbl":"1012810001","mappluto_bbl":"1012810001","height_m":127.9},"geometry":{"type":"MultiPolygon","coordinates":[[[[-73.978705188478,40.75549335266],[-73.978623166283,40.755458809389],[-73.978677695519,40.755383938863],[-73.978524056845,40.755319235121],[-73.978644468348,40.755153900383],[-73.979138448903,40.755361934717],[-73.979268914116,40.755416878295],[-73.979274355993,40.75541917016],[-73.979272898803,40.755421170821],[-73.979211383967,40.755505637055],[-73.979139718347,40.755604039441],[-73.979120710816,40.755596035007],[-73.978974013285,40.755534255266],[-73.978933711551,40.755589592969],[-73.978705188478,40.75549335266]]]]}},{"type":"Feature","id":11019,"properties":{"source_id":"873285","bin":"1034325","base_bbl":"1012620023","mappluto_bbl":"1012620023","height_m":16.3},"geometry":{"type":"MultiPolygon","coordinates":[[[[-73.980121770599,40.756879543876],[-73.980177552697,40.756803087081],[-73.980213341551,40.756754033705],[-73.980240516356,40.756716787167],[-73.980271726235,40.756674009509],[-73.980336169589,40.756701196875],[-73.980334573793,40.75670338393],[-73.980186212906,40.756906730425],[-73.980121770599,40.756879543876]]]]}},{"type":"Feature","id":11115,"properties":{"source_id":"1067420","bin":"1022657","base_bbl":"1009980120","mappluto_bbl":"1009980120","height_m":16.5},"geometry":{"type":"MultiPolygon","coordinates":[[[[-73.983581805089,40.757488731373],[-73.98364722146,40.75739611021],[-73.983719417372,40.757293890581],[-73.983757503307,40.757309444079],[-73.983780818577,40.757318965704],[-73.983777089319,40.757324244841],[-73.983643206423,40.757513806569],[-73.983581805089,40.757488731373]]]]}},{"type":"Feature","id":11441,"properties":{"source_id":"345761","bin":"1080823","base_bbl":"1009960029","mappluto_bbl":"1009960029","height_m":52.6},"geometry":{"type":"MultiPolygon","coordinates":[[[[-73.98396396151,40.756321190975],[-73.984039601299,40.756216275496],[-73.984128661243,40.756092744767],[-73.9841847803,40.75611614041],[-73.984173282532,40.756132089482],[-73.984213264756,40.756148757919],[-73.984224105063,40.756133721865],[-73.984348671007,40.756185652087],[-73.984332809194,40.75620765378],[-73.9843147985,40.756232634949],[-73.984143101563,40.756470786102],[-73.983974729474,40.75640048557],[-73.983922510682,40.756378683365],[-73.983923754527,40.75637695907],[-73.98396396151,40.756321190975]]]]}},{"type":"Feature","id":11467,"properties":{"source_id":"997740","bin":"1034246","base_bbl":"1012610025","mappluto_bbl":"1012610025","height_m":14},"geometry":{"type":"MultiPolygon","coordinates":[[[[-73.980369685073,40.756164126803],[-73.98039454825,40.756129933445],[-73.980394715526,40.756108787806],[-73.980416083206,40.75611777128],[-73.980537211821,40.755951187504],[-73.980615270191,40.755984008777],[-73.980457463635,40.75620103453],[-73.980369685073,40.756164126803]]]]}},{"type":"Feature","id":11543,"properties":{"source_id":"233354","bin":"1076173","base_bbl":"1009980029","mappluto_bbl":"1009980029","height_m":202.5},"geometry":{"type":"MultiPolygon","coordinates":[[[[-73.983160842571,40.757091146193],[-73.983142687724,40.757116852062],[-73.983082428932,40.757202169702],[-73.983073792766,40.757214396394],[-73.983025997629,40.757282068634],[-73.982971586044,40.757359105129],[-73.983142456001,40.757428886991],[-73.983217146446,40.757459389901],[-73.983099267715,40.757626288509],[-73.982759990192,40.757487728838],[-73.98252103889,40.757390142008],[-73.98248253047,40.75737441514],[-73.982760487283,40.756980874146],[-73.98278966789,40.756939559726],[-73.982989824264,40.757021303098],[-73.983160842571,40.757091146193]]]]}},{"type":"Feature","id":11583,"properties":{"source_id":"1045463","bin":"1091077","base_bbl":"1012570002","mappluto_bbl":"1012570002","height_m":4.6},"geometry":{"type":"MultiPolygon","coordinates":[[[[-73.983975937368,40.754554325764],[-73.983981256981,40.754568065517],[-73.983959029412,40.754599202807],[-73.983941416,40.754603352585],[-73.983900890917,40.7545879762],[-73.983896423372,40.754576559866],[-73.983916910336,40.754544900052],[-73.983936037509,40.75453914849],[-73.983975937368,40.754554325764]]]]}},{"type":"Feature","id":11659,"properties":{"source_id":"415625","bin":"1034324","base_bbl":"1012620021","mappluto_bbl":"1012620021","height_m":36.9},"geometry":{"type":"MultiPolygon","coordinates":[[[[-73.980186212906,40.756906730425],[-73.980334573793,40.75670338393],[-73.980336169589,40.756701196875],[-73.980339842595,40.756702746371],[-73.980405976868,40.756730647187],[-73.980463338356,40.756754846301],[-73.980431652312,40.756798275896],[-73.980306396902,40.756969952993],[-73.980179229034,40.756916304296],[-73.980186212906,40.756906730425]]]]}},{"type":"Feature","id":11795,"properties":{"source_id":"362133","bin":"1016049","base_bbl":"1008410057","mappluto_bbl":"1008410057","height_m":15.4},"geometry":{"type":"MultiPolygon","coordinates":[[[[-73.982696539347,40.752479029309],[-73.982848364918,40.752267895997],[-73.982856937646,40.752255974575],[-73.982934843735,40.752288372835],[-73.982774240688,40.752511712206],[-73.982696539347,40.752479029309]]]]}},{"type":"Feature","id":11802,"properties":{"source_id":"922332","bin":"1080744","base_bbl":"1008410075","mappluto_bbl":"1008410075","height_m":26.6},"geometry":{"type":"MultiPolygon","coordinates":[[[[-73.983822983147,40.752925350393],[-73.983945201508,40.752756941389],[-73.983974750276,40.752769342766],[-73.984167091045,40.752850065485],[-73.984217346442,40.752780817182],[-73.984128139973,40.752743379005],[-73.984275106926,40.752540867296],[-73.984285379216,40.752526711845],[-73.984423840105,40.752584950151],[-73.984279665467,40.75278361727],[-73.984250086308,40.752824374625],[-73.984239376686,40.752819879637],[-73.984224369727,40.752840558599],[-73.984207912878,40.752863235582],[-73.984068072446,40.753055928167],[-73.98380769885,40.752946411076],[-73.983822983147,40.752925350393]]]]}},{"type":"Feature","id":11821,"properties":{"source_id":"1082854","bin":"1035340","base_bbl":"1012760065","mappluto_bbl":"1012760065","height_m":25.3},"geometry":{"type":"MultiPolygon","coordinates":[[[[-73.980156249903,40.7530174194],[-73.980252303967,40.752886115147],[-73.980313604087,40.752802319166],[-73.980382814058,40.752831599211],[-73.980320739248,40.752916454091],[-73.980225460028,40.75304669954],[-73.980156249903,40.7530174194]]]]}},{"type":"Feature","id":12032,"properties":{"source_id":"47697","bin":"1035346","base_bbl":"1012770006","mappluto_bbl":"1012770006","height_m":73.5},"geometry":{"type":"MultiPolygon","coordinates":[[[[-73.97990690706,40.753651057566],[-73.97992947722,40.753620010263],[-73.9798810165,40.753599636874],[-73.980008752259,40.753423930823],[-73.980090437635,40.753311568157],[-73.980220109905,40.7533660882],[-73.980222496884,40.753367091773],[-73.980221033843,40.753369104153],[-73.980173632444,40.753434307928],[-73.980118202554,40.753510555001],[-73.980089890496,40.753549499685],[-73.980026672472,40.753636458682],[-73.979990508381,40.753686203545],[-73.97990690706,40.753651057566]]]]}},{"type":"Feature","id":12113,"properties":{"source_id":"1071886","bin":"1034313","base_bbl":"1012620001","mappluto_bbl":"1012627503","height_m":78.6},"geometry":{"type":"MultiPolygon","coordinates":[[[[-73.981552926259,40.757515978517],[-73.981546012297,40.757513061574],[-73.981240194118,40.757384049034],[-73.981210449639,40.75737150105],[-73.981213734796,40.75736699906],[-73.981287244947,40.757266241788],[-73.981324456044,40.757215238707],[-73.9813786081,40.757141013423],[-73.981742360952,40.757294464601],[-73.981760799727,40.757302243384],[-73.981769618479,40.757290156398],[-73.981949680919,40.757366116249],[-73.982036609354,40.7574027867],[-73.981881674751,40.757615151091],[-73.981596631674,40.757494906481],[-73.981574590564,40.757525117609],[-73.981552926259,40.757515978517]]]]}},{"type":"Feature","id":12116,"properties":{"source_id":"216312","bin":"1034228","base_bbl":"1012600042","mappluto_bbl":"1012600042","height_m":64.8},"geometry":{"type":"MultiPolygon","coordinates":[[[[-73.980012278917,40.75553883184],[-73.980188392097,40.755297246738],[-73.980424565603,40.75539680377],[-73.980248453016,40.755638389229],[-73.980012278917,40.75553883184]]]]}},{"type":"Feature","id":12120,"properties":{"source_id":"1062287","bin":"1022632","base_bbl":"1009970047","mappluto_bbl":"1009970047","height_m":35.1},"geometry":{"type":"MultiPolygon","coordinates":[[[[-73.984095010818,40.757222937305],[-73.984231439677,40.757036039988],[-73.984331912819,40.757078447681],[-73.984316382543,40.757099722705],[-73.984293437756,40.757131156217],[-73.984276953971,40.757133111668],[-73.984206701466,40.75722935256],[-73.98421262796,40.757241860489],[-73.984199419461,40.757259954331],[-73.984177868861,40.757289477138],[-73.984173563952,40.757295373956],[-73.984089546224,40.757259911295],[-73.984073090583,40.757252965226],[-73.984078035194,40.757246192309],[-73.984095010818,40.757222937305]]]]}},{"type":"Feature","id":12158,"properties":{"source_id":"894137","bin":"1034323","base_bbl":"1012620020","mappluto_bbl":"1012620020","height_m":23.1},"geometry":{"type":"MultiPolygon","coordinates":[[[[-73.980306396902,40.756969952993],[-73.980431652312,40.756798275896],[-73.980463338356,40.756754846301],[-73.98054713802,40.75679019901],[-73.980487044039,40.756872565269],[-73.980390197937,40.757005305815],[-73.980306396902,40.756969952993]]]]}},{"type":"Feature","id":12208,"properties":{"source_id":"997457","bin":"1035342","base_bbl":"1012760069","mappluto_bbl":"1012760069","height_m":85.3},"geometry":{"type":"MultiPolygon","coordinates":[[[[-73.980517564277,40.753170272584],[-73.980565944756,40.753104026044],[-73.980643995392,40.752997149149],[-73.980845847393,40.753082395946],[-73.980947878867,40.753125486757],[-73.980821327465,40.753298777096],[-73.980812735035,40.753295142125],[-73.980535579067,40.753177893908],[-73.980517564277,40.753170272584]]]]}},{"type":"Feature","id":12234,"properties":{"source_id":"12258","bin":"1035323","base_bbl":"1012750060","mappluto_bbl":"1012750060","height_m":15.4},"geometry":{"type":"MultiPolygon","coordinates":[[[[-73.980251305736,40.752242910673],[-73.980316560208,40.752151421438],[-73.980408954379,40.752021878702],[-73.980495703551,40.752057661516],[-73.980397259581,40.752195684256],[-73.980338055111,40.752278692704],[-73.980251305736,40.752242910673]]]]}},{"type":"Feature","id":12519,"properties":{"source_id":"1031865","bin":"1022630","base_bbl":"1009970023","mappluto_bbl":"1009970023","height_m":19.2},"geometry":{"type":"MultiPolygon","coordinates":[[[[-73.983760843769,40.756805271476],[-73.983738118443,40.756795679691],[-73.983518531413,40.756702991898],[-73.983604831245,40.756584768766],[-73.98369198725,40.756465371429],[-73.983860490454,40.756536496355],[-73.984055407802,40.756618769346],[-73.984038074566,40.756642514171],[-73.984006478573,40.756685797979],[-73.983931312358,40.756788771106],[-73.983893532516,40.756840526873],[-73.983881952862,40.756856390356],[-73.983760843769,40.756805271476]]]]}},{"type":"Feature","id":12626,"properties":{"source_id":"961228","bin":"1034257","base_bbl":"1012610050","mappluto_bbl":"1012610050","height_m":17.3},"geometry":{"type":"MultiPolygon","coordinates":[[[[-73.980376598477,40.75621653199],[-73.980447624887,40.756246395818],[-73.980294095122,40.756457539063],[-73.980223068555,40.756427675141],[-73.980359704712,40.756239765751],[-73.980376598477,40.75621653199]]]]}},{"type":"Feature","id":12683,"properties":{"source_id":"164881","bin":"1016037","base_bbl":"1008410013","mappluto_bbl":"1008410013","height_m":5.7},"geometry":{"type":"MultiPolygon","coordinates":[[[[-73.984403530504,40.75286413392],[-73.984563505402,40.752643695436],[-73.98463236664,40.752672658606],[-73.984472067337,40.752893545592],[-73.984403530504,40.75286413392]]]]}},{"type":"Feature","id":12816,"properties":{"source_id":"877220","bin":"1034221","base_bbl":"1012600016","mappluto_bbl":"1012600016","height_m":30.4},"geometry":{"type":"MultiPolygon","coordinates":[[[[-73.981463644871,40.755666092588],[-73.981541758725,40.755558935077],[-73.981780132815,40.755659415398],[-73.981669223243,40.755811562509],[-73.981603349195,40.755901929433],[-73.981509431011,40.755862340787],[-73.981364975689,40.75580144875],[-73.98140339072,40.755748750177],[-73.981463644871,40.755666092588]]]]}},{"type":"Feature","id":13068,"properties":{"source_id":"220571","bin":"1034224","base_bbl":"1012600024","mappluto_bbl":"1012600024","height_m":66.4},"geometry":{"type":"MultiPolygon","coordinates":[[[[-73.980542528422,40.755762353319],[-73.980620697181,40.755655123503],[-73.980639793711,40.75566317363],[-73.980696520769,40.755585356966],[-73.980717269163,40.755556894563],[-73.980802807234,40.755439554977],[-73.980727464476,40.755407795078],[-73.980834590518,40.755260841451],[-73.980999868201,40.755330511219],[-73.981146718705,40.755392413577],[-73.981109350918,40.755443674132],[-73.981046452355,40.755529959239],[-73.980980555811,40.755502182194],[-73.98091576037,40.755591067576],[-73.980866686548,40.755658385725],[-73.9807325161,40.75584243928],[-73.980542528422,40.755762353319]]]]}},{"type":"Feature","id":13284,"properties":{"source_id":"934967","bin":"1034480","base_bbl":"1012630021","mappluto_bbl":"1012630021","height_m":8.2},"geometry":{"type":"MultiPolygon","coordinates":[[[[-73.979797825306,40.757593789886],[-73.979787487021,40.75758945214],[-73.979924161267,40.757401098455],[-73.979963690894,40.757346621169],[-73.980047375053,40.757381732883],[-73.979962296222,40.757498981904],[-73.979871171393,40.75762456308],[-73.979797825306,40.757593789886]]]]}},{"type":"Feature","id":13390,"properties":{"source_id":"425621","bin":"1034481","base_bbl":"1012630022","mappluto_bbl":"1012630022","height_m":25.9},"geometry":{"type":"MultiPolygon","coordinates":[[[[-73.979734931235,40.757567401242],[-73.979703928251,40.757554393391],[-73.979687848337,40.757547646674],[-73.979688908677,40.75754618444],[-73.979864052462,40.757304815854],[-73.979921607293,40.757328963941],[-73.979963690894,40.757346621169],[-73.979924161267,40.757401098455],[-73.979787487021,40.75758945214],[-73.979734931235,40.757567401242]]]]}},{"type":"Feature","id":13589,"properties":{"source_id":"526970","bin":"1034252","base_bbl":"1012610039","mappluto_bbl":"1012610039","height_m":37.7},"geometry":{"type":"MultiPolygon","coordinates":[[[[-73.979285635479,40.755971516105],[-73.979331603674,40.755908298075],[-73.97937421075,40.75584970262],[-73.979689795183,40.755982396829],[-73.979601219129,40.756104210553],[-73.979285635479,40.755971516105]]]]}},{"type":"Feature","id":13685,"properties":{"source_id":"1078382","bin":"1090963","base_bbl":"1201529999","mappluto_bbl":"1201529999","height_m":0},"geometry":{"type":"MultiPolygon","coordinates":[[[[-73.983755358021,40.754602162147],[-73.983748577384,40.754602093653],[-73.983713838033,40.754587738291],[-73.983710187044,40.75458347208],[-73.983717587374,40.754572356385],[-73.9837262169,40.754570884377],[-73.983760029179,40.754584617355],[-73.983762631723,40.754590697936],[-73.983755358021,40.754602162147]]]]}},{"type":"Feature","id":13792,"properties":{"source_id":"1047722","bin":"1034199","base_bbl":"1012580034","mappluto_bbl":"1012580034","height_m":214.8},"geometry":{"type":"MultiPolygon","coordinates":[[[[-73.981178425769,40.754080146241],[-73.980973349533,40.753994295268],[-73.980786488969,40.753916069748],[-73.980959075971,40.75367766341],[-73.981288627199,40.753816335847],[-73.98130462112,40.753823065221],[-73.981473753349,40.753894233391],[-73.981610070324,40.753951594028],[-73.981438265617,40.754188921752],[-73.981178425769,40.754080146241]]]]}},{"type":"Feature","id":13852,"properties":{"source_id":"1026202","bin":"1022615","base_bbl":"1009960021","mappluto_bbl":"1009960021","height_m":35.4},"geometry":{"type":"MultiPolygon","coordinates":[[[[-73.984332809194,40.75620765378],[-73.984348671007,40.756185652087],[-73.984224105063,40.756133721865],[-73.984213264756,40.756148757919],[-73.984173282532,40.756132089482],[-73.9841847803,40.75611614041],[-73.984128661243,40.756092744767],[-73.984237329539,40.755942016887],[-73.98427191745,40.755894041786],[-73.984484310926,40.755982586662],[-73.984665797603,40.756058245306],[-73.984572188671,40.756188085683],[-73.984506021807,40.756279863513],[-73.984359964149,40.75621897412],[-73.984332809194,40.75620765378]]]]}},{"type":"Feature","id":14133,"properties":{"source_id":"47318","bin":"1016053","base_bbl":"1008410063","mappluto_bbl":"1008417502","height_m":77.3},"geometry":{"type":"MultiPolygon","coordinates":[[[[-73.983403587343,40.752528086633],[-73.983263540062,40.752717525594],[-73.983099624535,40.752648578751],[-73.983161213562,40.752563902401],[-73.983216534928,40.752487842044],[-73.983226548201,40.752492123607],[-73.983235601234,40.752495993497],[-73.983292838752,40.752418569116],[-73.983438509013,40.752480847521],[-73.983403587343,40.752528086633]]]]}},{"type":"Feature","id":14135,"properties":{"source_id":"57434","bin":"1076172","base_bbl":"1009970010","mappluto_bbl":"1009970010","height_m":23.2},"geometry":{"type":"MultiPolygon","coordinates":[[[[-73.984316382543,40.757099722705],[-73.984331912819,40.757078447681],[-73.984349845478,40.757053881633],[-73.9843856282,40.75706898526],[-73.984559079529,40.7568313662],[-73.98470032275,40.756890982282],[-73.98469706036,40.756895451956],[-73.984526870586,40.757128601552],[-73.984617459046,40.757166837428],[-73.98444117819,40.757408329255],[-73.984307350235,40.757351843126],[-73.984181718959,40.757298815906],[-73.984185971746,40.757292989321],[-73.984209346656,40.757260966959],[-73.984324537535,40.757103164646],[-73.984316382543,40.757099722705]]]]}},{"type":"Feature","id":14289,"properties":{"source_id":"553807","bin":"1034200","base_bbl":"1012580040","mappluto_bbl":"1012580040","height_m":23.4},"geometry":{"type":"MultiPolygon","coordinates":[[[[-73.980786488969,40.753916069748],[-73.980973349533,40.753994295268],[-73.981178425769,40.754080146241],[-73.981006028053,40.754318290878],[-73.98061409146,40.754154213805],[-73.980662420603,40.754087453937],[-73.980786488969,40.753916069748]]]]}},{"type":"Feature","id":14304,"properties":{"source_id":"951062","bin":"1016041","base_bbl":"1008410020","mappluto_bbl":"1008410020","height_m":76},"geometry":{"type":"MultiPolygon","coordinates":[[[[-73.983601394152,40.75251177348],[-73.983750674283,40.752301805673],[-73.983816451763,40.752328849918],[-73.98381025182,40.752337571347],[-73.983902263902,40.752375402785],[-73.984051100126,40.75243659845],[-73.984055712753,40.752430110043],[-73.984113730332,40.752453964353],[-73.983964379931,40.752664031672],[-73.983888104413,40.75263266992],[-73.983920629897,40.752586921564],[-73.983838686525,40.752553229379],[-73.983782759957,40.752530235209],[-73.983751891601,40.75257365235],[-73.983601394152,40.75251177348]]]]}},{"type":"Feature","id":14326,"properties":{"source_id":"532778","bin":"1081060","base_bbl":"1012600007","mappluto_bbl":"1012600007","height_m":46.9},"geometry":{"type":"MultiPolygon","coordinates":[[[[-73.982139015884,40.756034678877],[-73.982159011587,40.756007114804],[-73.982210285744,40.756028726757],[-73.982227261417,40.756019886414],[-73.98226378757,40.755969778017],[-73.982263345168,40.755959029517],[-73.982390141097,40.756012475952],[-73.982368942295,40.756017793796],[-73.982367245887,40.756020121343],[-73.982333478821,40.756066442669],[-73.982340584425,40.756083081496],[-73.982386755338,40.756102427817],[-73.982331651543,40.756178212214],[-73.982104069862,40.756082852292],[-73.982128619391,40.756049011509],[-73.982139015884,40.756034678877]]]]}},{"type":"Feature","id":14450,"properties":{"source_id":"820047","bin":"1090672","base_bbl":"1012630045","mappluto_bbl":"1012630045","height_m":25.9},"geometry":{"type":"MultiPolygon","coordinates":[[[[-73.979060689029,40.75728136487],[-73.979291771357,40.757379554501],[-73.979128389423,40.757598643147],[-73.978899582171,40.757502066412],[-73.979060689029,40.75728136487]]]]}},{"type":"Feature","id":14468,"properties":{"source_id":"619367","bin":"1034237","base_bbl":"1012600066","mappluto_bbl":"1012600066","height_m":45.9},"geometry":{"type":"MultiPolygon","coordinates":[[[[-73.981901260789,40.756342651526],[-73.981929241279,40.756304135902],[-73.982059808174,40.756124409134],[-73.982166783958,40.756169347453],[-73.982185801158,40.756143170903],[-73.982205835816,40.75615158742],[-73.982118346884,40.756272017367],[-73.982028272711,40.756396006539],[-73.981986431907,40.756378430245],[-73.981901260789,40.756342651526]]]]}},{"type":"Feature","id":14483,"properties":{"source_id":"615622","bin":"1034266","base_bbl":"1012610061","mappluto_bbl":"1012610061","height_m":15.4},"geometry":{"type":"MultiPolygon","coordinates":[[[[-73.981251809646,40.756616204036],[-73.981313482598,40.756642188231],[-73.98116507607,40.756846288802],[-73.981103372184,40.756820345947],[-73.981251809646,40.756616204036]]]]}},{"type":"Feature","id":14572,"properties":{"source_id":"210676","bin":"1083858","base_bbl":"1012610036","mappluto_bbl":"1012610036","height_m":37.2},"geometry":{"type":"MultiPolygon","coordinates":[[[[-73.979413773041,40.755795295756],[-73.979506496687,40.755667778207],[-73.979822080522,40.755800472056],[-73.979729357295,40.755927989857],[-73.979413773041,40.755795295756]]]]}},{"type":"Feature","id":14786,"properties":{"source_id":"40570","bin":"1034342","base_bbl":"1012620052","mappluto_bbl":"1012620052","height_m":22.9},"geometry":{"type":"MultiPolygon","coordinates":[[[[-73.979884519809,40.75712369721],[-73.980041189319,40.75690896476],[-73.980107202895,40.756936815298],[-73.979962312025,40.757135403827],[-73.979950534717,40.757151546936],[-73.979884519809,40.75712369721]]]]}},{"type":"Feature","id":15227,"properties":{"source_id":"600035","bin":"1034258","base_bbl":"1012610051","mappluto_bbl":"1012610051","height_m":16.7},"geometry":{"type":"MultiPolygon","coordinates":[[[[-73.980294095122,40.756457539063],[-73.980447624887,40.756246395818],[-73.980460111562,40.756229223499],[-73.980525332524,40.756256646825],[-73.980359317423,40.756484961583],[-73.980294095122,40.756457539063]]]]}},{"type":"Feature","id":15332,"properties":{"source_id":"584505","bin":"1035364","base_bbl":"1012780065","mappluto_bbl":"1012780065","height_m":55.5},"geometry":{"type":"MultiPolygon","coordinates":[[[[-73.97920115273,40.754381998819],[-73.97926682115,40.754292121286],[-73.979359065367,40.754165872553],[-73.979408079248,40.754186581247],[-73.979520178071,40.754233945312],[-73.979437992024,40.754346429038],[-73.979362265795,40.754450071797],[-73.97920115273,40.754381998819]]]]}},{"type":"Feature","id":15394,"properties":{"source_id":"863099","bin":"1082895","base_bbl":"1012610034","mappluto_bbl":"1012610034","height_m":82},"geometry":{"type":"MultiPolygon","coordinates":[[[[-73.979729357295,40.755927989857],[-73.979822080522,40.755800472056],[-73.979506496687,40.755667778207],[-73.979581387829,40.755564785388],[-73.979607663123,40.755560344247],[-73.98007777562,40.755758012699],[-73.97992262869,40.755971379433],[-73.979901537425,40.756000385537],[-73.979729357295,40.755927989857]]]]}},{"type":"Feature","id":15635,"properties":{"source_id":"466593","bin":"1087455","base_bbl":"1012630049","mappluto_bbl":"1012637501","height_m":122.5},"geometry":{"type":"MultiPolygon","coordinates":[[[[-73.979128389423,40.757598643147],[-73.979291771357,40.757379554501],[-73.979360734684,40.757408490202],[-73.979387840714,40.757419863033],[-73.979387522023,40.757420287114],[-73.979388392497,40.757420094561],[-73.979515026757,40.757473227142],[-73.979523923974,40.757476960417],[-73.979514082338,40.757490523878],[-73.979470104736,40.757551129055],[-73.979363299961,40.757698317355],[-73.979128389423,40.757598643147]]]]}},{"type":"Feature","id":15825,"properties":{"source_id":"467069","bin":"1022614","base_bbl":"1009960020","mappluto_bbl":"1009960020","height_m":6.5},"geometry":{"type":"MultiPolygon","coordinates":[[[[-73.9843147985,40.756232634949],[-73.984332809194,40.75620765378],[-73.984359964149,40.75621897412],[-73.984506021807,40.756279863513],[-73.984572188671,40.756188085683],[-73.984642784792,40.756217515525],[-73.98458003793,40.75630454909],[-73.984565790804,40.756298610151],[-73.984544359053,40.75632833566],[-73.984357437941,40.756250410418],[-73.9843147985,40.756232634949]]]]}},{"type":"Feature","id":15865,"properties":{"source_id":"441515","bin":"1034243","base_bbl":"1012610016","mappluto_bbl":"1012610016","height_m":58.4},"geometry":{"type":"MultiPolygon","coordinates":[[[[-73.981155849189,40.756521749687],[-73.9810972029,40.756497092349],[-73.98103400861,40.756470522459],[-73.980953867855,40.756436826738],[-73.980946087284,40.756433555716],[-73.980919266758,40.756422278752],[-73.980994882774,40.756318284685],[-73.981092149729,40.75618451531],[-73.981344771086,40.756290730576],[-73.981171888742,40.756528493492],[-73.981155849189,40.756521749687]]]]}},{"type":"Feature","id":16058,"properties":{"source_id":"195064","bin":"1035362","base_bbl":"1012780063","mappluto_bbl":"1012780063","height_m":30.8},"geometry":{"type":"MultiPolygon","coordinates":[[[[-73.979046101015,40.754316485955],[-73.979204012817,40.754100359899],[-73.979247290011,40.754118645266],[-73.97928719158,40.754135504509],[-73.97923012416,40.754213610397],[-73.979129279965,40.754351630678],[-73.979046101015,40.754316485955]]]]}},{"type":"Feature","id":16107,"properties":{"source_id":"128126","bin":"1034250","base_bbl":"1012610030","mappluto_bbl":"1012610030","height_m":64.5},"geometry":{"type":"MultiPolygon","coordinates":[[[[-73.97992262869,40.755971379433],[-73.98007777562,40.755758012699],[-73.980226357354,40.755820485646],[-73.980086526548,40.756012788803],[-73.980071209569,40.756033852577],[-73.97992262869,40.755971379433]]]]}},{"type":"Feature","id":16285,"properties":{"source_id":"241052","bin":"1034196","base_bbl":"1012580009","mappluto_bbl":"1012580009","height_m":191},"geometry":{"type":"MultiPolygon","coordinates":[[[[-73.982372695742,40.754864987097],[-73.982358419527,40.754859010958],[-73.98217558781,40.754782475866],[-73.982251208417,40.754678012688],[-73.982208458079,40.754660116651],[-73.982441351855,40.754338395434],[-73.982489297671,40.754358465996],[-73.982506815718,40.754334264868],[-73.982509778431,40.754330172519],[-73.983178123745,40.754611390075],[-73.983107395897,40.754709095385],[-73.983135570685,40.754720889832],[-73.983075879744,40.754802924338],[-73.983047940561,40.754791228967],[-73.982849932741,40.755064761533],[-73.982372695742,40.754864987097]]]]}},{"type":"Feature","id":16407,"properties":{"source_id":"786884","bin":"1016013","base_bbl":"1008400070","mappluto_bbl":"1008400070","height_m":17},"geometry":{"type":"MultiPolygon","coordinates":[[[[-73.984177456963,40.752292371945],[-73.984339378348,40.752070304106],[-73.984374053699,40.752084925826],[-73.98441357173,40.752101590538],[-73.984363612073,40.752170106863],[-73.984251649333,40.752323657579],[-73.984177456963,40.752292371945]]]]}},{"type":"Feature","id":16503,"properties":{"source_id":"242907","bin":"1034263","base_bbl":"1012610056","mappluto_bbl":"1012610056","height_m":16.6},"geometry":{"type":"MultiPolygon","coordinates":[[[[-73.980829346841,40.756384471417],[-73.980919266758,40.756422278752],[-73.980946087284,40.756433555716],[-73.980953867855,40.756436826738],[-73.980937037025,40.756459974145],[-73.980775299574,40.756682407202],[-73.980657370006,40.756632823652],[-73.980650778241,40.75663005169],[-73.980829346841,40.756384471417]]]]}},{"type":"Feature","id":16518,"properties":{"source_id":"150976","bin":"1035325","base_bbl":"1012750063","mappluto_bbl":"1012750063","height_m":23.5},"geometry":{"type":"MultiPolygon","coordinates":[[[[-73.980493989444,40.752343012629],[-73.980543113757,40.75227413764],[-73.980609527609,40.752181022122],[-73.980690434042,40.752214394051],[-73.980619082737,40.752314422869],[-73.980574887728,40.752376380135],[-73.980493989444,40.752343012629]]]]}},{"type":"Feature","id":16713,"properties":{"source_id":"867055","bin":"1034217","base_bbl":"1012600001","mappluto_bbl":"1012600001","height_m":79.2},"geometry":{"type":"MultiPolygon","coordinates":[[[[-73.982425970345,40.756161644734],[-73.982552947311,40.755987009215],[-73.982692967402,40.756045879261],[-73.982852315567,40.756112876374],[-73.982947677146,40.75615297022],[-73.982877427211,40.756249586727],[-73.982820700899,40.75632760527],[-73.982757125989,40.756300875978],[-73.982425970345,40.756161644734]]]]}},{"type":"Feature","id":16828,"properties":{"source_id":"997460","bin":"1015995","base_bbl":"1008400019","mappluto_bbl":"1008400019","height_m":49},"geometry":{"type":"MultiPolygon","coordinates":[[[[-73.984462756874,40.751972063911],[-73.984560756672,40.75183766127],[-73.984688275953,40.751891433989],[-73.984535182023,40.752101396208],[-73.984407662463,40.752047624221],[-73.984462756874,40.751972063911]]]]}},{"type":"Feature","id":16885,"properties":{"source_id":"662356","bin":"1034265","base_bbl":"1012610060","mappluto_bbl":"1012610060","height_m":16.1},"geometry":{"type":"MultiPolygon","coordinates":[[[[-73.980977280241,40.756767330461],[-73.981155849189,40.756521749687],[-73.981171888742,40.756528493492],[-73.981215761303,40.756546940301],[-73.981037193693,40.756792521167],[-73.980977280241,40.756767330461]]]]}},{"type":"Feature","id":16912,"properties":{"source_id":"63617","bin":"1034355","base_bbl":"1012620077","mappluto_bbl":"1012620077","height_m":15.2},"geometry":{"type":"MultiPolygon","coordinates":[[[[-73.981593267653,40.757566239895],[-73.98153450308,40.75754145039],[-73.981553074262,40.757515995183],[-73.981574738567,40.757525134275],[-73.981596779677,40.757494923147],[-73.981881822754,40.757615167756],[-73.981859780548,40.757645379838],[-73.981841209447,40.757670835094],[-73.981690457589,40.757607240074],[-73.981593267653,40.757566239895]]]]}},{"type":"Feature","id":16993,"properties":{"source_id":"878702","bin":"1034223","base_bbl":"1012600020","mappluto_bbl":"1012600020","height_m":40},"geometry":{"type":"MultiPolygon","coordinates":[[[[-73.980811719407,40.755875826129],[-73.98093970335,40.755700259624],[-73.980994963469,40.755624454301],[-73.981059758838,40.755535568875],[-73.981046452355,40.755529959239],[-73.981109350918,40.755443674132],[-73.981146718705,40.755392413577],[-73.981264530368,40.75544207496],[-73.98131291232,40.755462469361],[-73.981541758725,40.755558935077],[-73.981463644871,40.755666092588],[-73.98140339072,40.755748750177],[-73.981360702712,40.755730756583],[-73.981322287657,40.755783455143],[-73.981215616763,40.755929786137],[-73.981150767909,40.756018744578],[-73.980811719407,40.755875826129]]]]}},{"type":"Feature","id":17005,"properties":{"source_id":"77219","bin":"1089784","base_bbl":"1012570001","mappluto_bbl":"1012570001","height_m":0},"geometry":{"type":"MultiPolygon","coordinates":[[[[-73.983117047734,40.753089597274],[-73.982975108276,40.753284675459],[-73.982959353492,40.753278046308],[-73.982926515733,40.753323177495],[-73.98289238944,40.753308818371],[-73.982872220739,40.753336536543],[-73.982781331793,40.753298292024],[-73.982976278082,40.753030364702],[-73.983117047734,40.753089597274]]]]}},{"type":"Feature","id":17188,"properties":{"source_id":"514492","bin":"1035317","base_bbl":"1012750016","mappluto_bbl":"1012750016","height_m":22.7},"geometry":{"type":"MultiPolygon","coordinates":[[[[-73.980106607004,40.751897105919],[-73.980133157018,40.751859899795],[-73.980197725364,40.751769416369],[-73.980491729897,40.751890745769],[-73.98050007233,40.751894188915],[-73.980408954379,40.752021878702],[-73.980106607004,40.751897105919]]]]}},{"type":"Feature","id":17257,"properties":{"source_id":"311224","bin":"1034225","base_bbl":"1012600028","mappluto_bbl":"1012600028","height_m":45.8},"geometry":{"type":"MultiPolygon","coordinates":[[[[-73.980550344114,40.755409725713],[-73.98052390771,40.755398581995],[-73.980673743907,40.755193038936],[-73.980834590518,40.755260841451],[-73.980727464476,40.755407795078],[-73.980684754665,40.755466384717],[-73.980550344114,40.755409725713]]]]}},{"type":"Feature","id":17284,"properties":{"source_id":"778325","bin":"1069581","base_bbl":"1009970041","mappluto_bbl":"1009970041","height_m":146.9},"geometry":{"type":"MultiPolygon","coordinates":[[[[-73.983615494994,40.75700438593],[-73.983760843769,40.756805271476],[-73.983881952862,40.756856390356],[-73.983901021708,40.756864439036],[-73.983974688552,40.756895532947],[-73.984075283283,40.756937993111],[-73.98411281481,40.756953834578],[-73.984179036164,40.756981785467],[-73.984196212873,40.756989035992],[-73.984249372361,40.757011473956],[-73.984231439677,40.757036039988],[-73.984095010818,40.757222937305],[-73.983732371943,40.757069871024],[-73.983741384584,40.757057523668],[-73.983714807271,40.757046305022],[-73.983615494994,40.75700438593]]]]}},{"type":"Feature","id":17297,"properties":{"source_id":"50064","bin":"1034346","base_bbl":"1012620059","mappluto_bbl":"1012627502","height_m":150.3},"geometry":{"type":"MultiPolygon","coordinates":[[[[-73.98045840006,40.757364789652],[-73.980556507078,40.757230322099],[-73.980614904798,40.757150281527],[-73.980649360726,40.757103054919],[-73.980699993698,40.757033655169],[-73.980749143322,40.756966288489],[-73.980799446739,40.756897340693],[-73.980800401604,40.756896031518],[-73.980810578138,40.756882082585],[-73.981213499127,40.757052060825],[-73.98121963508,40.757054649878],[-73.981209458605,40.757068598846],[-73.981155305236,40.757142824051],[-73.981118095234,40.757193826177],[-73.981099063129,40.757219912494],[-73.981044584907,40.757294583342],[-73.980987343519,40.757270435868],[-73.980982870021,40.757268548571],[-73.980980947256,40.757271184033],[-73.980979584853,40.757273051456],[-73.980812419832,40.757502173496],[-73.98045840006,40.757364789652]]]]}},{"type":"Feature","id":17384,"properties":{"source_id":"349321","bin":"1034236","base_bbl":"1012600065","mappluto_bbl":"1012600065","height_m":7.2},"geometry":{"type":"MultiPolygon","coordinates":[[[[-73.98183992296,40.756316881118],[-73.981870372267,40.75627511057],[-73.981998883727,40.756098816274],[-73.982059808174,40.756124409134],[-73.981929241279,40.756304135902],[-73.981901260789,40.756342651526],[-73.98183992296,40.756316881118]]]]}},{"type":"Feature","id":17475,"properties":{"source_id":"912301","bin":"1015997","base_bbl":"1008400023","mappluto_bbl":"1008400023","height_m":65},"geometry":{"type":"MultiPolygon","coordinates":[[[[-73.984135121711,40.751838449018],[-73.984230093156,40.751708201173],[-73.984237042733,40.751698670269],[-73.984436244404,40.751782671331],[-73.984440066421,40.751784282853],[-73.984438680537,40.751786184534],[-73.984433776639,40.751792910651],[-73.984288568693,40.751992054932],[-73.984283412461,40.751999127703],[-73.984080387135,40.751913514845],[-73.984135121711,40.751838449018]]]]}},{"type":"Feature","id":17501,"properties":{"source_id":"256789","bin":"1035367","base_bbl":"1012790006","mappluto_bbl":"1012790006","height_m":23.6},"geometry":{"type":"MultiPolygon","coordinates":[[[[-73.979076599827,40.754836151654],[-73.979034424494,40.754818503983],[-73.979105356187,40.75472081652],[-73.979209276731,40.754577694558],[-73.979272163058,40.754604007856],[-73.979282098278,40.754608165477],[-73.979107709182,40.754849168704],[-73.979076599827,40.754836151654]]]]}},{"type":"Feature","id":17625,"properties":{"source_id":"541352","bin":"1016055","base_bbl":"1008410069","mappluto_bbl":"1008410069","height_m":59.5},"geometry":{"type":"MultiPolygon","coordinates":[[[[-73.983361999182,40.75275894061],[-73.983427865052,40.752669843252],[-73.983447852608,40.752678388324],[-73.983504786793,40.752601373526],[-73.983483892288,40.752592440216],[-73.983526481505,40.752534829249],[-73.983572686911,40.75255458394],[-73.983581507036,40.752542652594],[-73.983641972877,40.752568503912],[-73.983632856624,40.752580835044],[-73.98369849672,40.752608897809],[-73.983647811234,40.752677459641],[-73.983619382716,40.752665305978],[-73.983562562326,40.752742165962],[-73.983578987178,40.752749187747],[-73.983522018601,40.752826248501],[-73.983361999182,40.75275894061]]]]}},{"type":"Feature","id":17935,"properties":{"source_id":"48207","bin":"1035354","base_bbl":"1012770072","mappluto_bbl":"1012777501","height_m":49.9},"geometry":{"type":"MultiPolygon","coordinates":[[[[-73.98001437202,40.753705169636],[-73.980030592377,40.753682857917],[-73.980076829575,40.753619256902],[-73.980080804332,40.753620928027],[-73.980313264635,40.753718654843],[-73.980461611158,40.753781020304],[-73.980399153948,40.753866933245],[-73.98035493172,40.753848341977],[-73.980032337182,40.75371272259],[-73.98001437202,40.753705169636]]]]}},{"type":"Feature","id":17999,"properties":{"source_id":"739148","bin":"1035353","base_bbl":"1012770069","mappluto_bbl":"1012770069","height_m":78.3},"geometry":{"type":"MultiPolygon","coordinates":[[[[-73.98001437202,40.753705169636],[-73.980032337182,40.75371272259],[-73.98035493172,40.753848341977],[-73.980399153948,40.753866933245],[-73.980379277826,40.753894274616],[-73.98029169973,40.754014748225],[-73.980289955913,40.754017147774],[-73.980122539087,40.753946763404],[-73.980061468194,40.753921088439],[-73.979947464347,40.75387315905],[-73.97998563539,40.7538206545],[-73.979943340897,40.753802873864],[-73.98001437202,40.753705169636]]]]}},{"type":"Feature","id":18071,"properties":{"source_id":"790663","bin":"1016012","base_bbl":"1008400069","mappluto_bbl":"1008400069","height_m":17.2},"geometry":{"type":"MultiPolygon","coordinates":[[[[-73.984102397957,40.752260720537],[-73.984272036694,40.752028070211],[-73.984347095519,40.752059721509],[-73.984339378348,40.752070304106],[-73.984177456963,40.752292371945],[-73.984102397957,40.752260720537]]]]}},{"type":"Feature","id":18103,"properties":{"source_id":"1035876","bin":"1034487","base_bbl":"1012630043","mappluto_bbl":"1012630043","height_m":50},"geometry":{"type":"MultiPolygon","coordinates":[[[[-73.978747565418,40.757415465702],[-73.978760158205,40.757398112588],[-73.978798887887,40.757344740474],[-73.978860192972,40.757260256433],[-73.978878115898,40.757235556161],[-73.979006366851,40.75728936858],[-73.979019595757,40.75727113756],[-73.97902281235,40.757266704958],[-73.979060689029,40.75728136487],[-73.979045521923,40.75730214127],[-73.97888517913,40.757521796544],[-73.978791213673,40.757483520421],[-73.978719896567,40.75745359699],[-73.97872096522,40.757452123961],[-73.978747565418,40.757415465702]]]]}},{"type":"Feature","id":18138,"properties":{"source_id":"322345","bin":"1016006","base_bbl":"1008400058","mappluto_bbl":"1008400058","height_m":46.3},"geometry":{"type":"MultiPolygon","coordinates":[[[[-73.983306660603,40.751925165938],[-73.98344916585,40.751729732588],[-73.983492508983,40.751748010072],[-73.983497853622,40.751740678919],[-73.983591349216,40.751780105617],[-73.983443499615,40.751982870292],[-73.983306660603,40.751925165938]]]]}},{"type":"Feature","id":18220,"properties":{"source_id":"403448","bin":"1034203","base_bbl":"1012590011","mappluto_bbl":"1012590011","height_m":41.4},"geometry":{"type":"MultiPolygon","coordinates":[[[[-73.982225781287,40.755500057728],[-73.982280003436,40.755522820052],[-73.98229980008,40.755517169722],[-73.982462281939,40.755293355928],[-73.982458012396,40.755277283957],[-73.982403975101,40.755254600088],[-73.982487928464,40.755138955557],[-73.982650371804,40.755207148399],[-73.982314419967,40.755669914799],[-73.982301377087,40.755687881481],[-73.982138932932,40.755619688151],[-73.982225781287,40.755500057728]]]]}},{"type":"Feature","id":18449,"properties":{"source_id":"1032657","bin":"1090404","base_bbl":"1008410030","mappluto_bbl":"1008417501","height_m":110},"geometry":{"type":"MultiPolygon","coordinates":[[[[-73.983100911572,40.752649120144],[-73.982774240688,40.752511712206],[-73.982920255188,40.752310961664],[-73.983246925389,40.752448368291],[-73.983100911572,40.752649120144]]]]}},{"type":"Feature","id":18659,"properties":{"source_id":"1043079","bin":"1034233","base_bbl":"1012600051","mappluto_bbl":"1012607501","height_m":30.2},"geometry":{"type":"MultiPolygon","coordinates":[[[[-73.9807325161,40.75584243928],[-73.980866686548,40.755658385725],[-73.98091576037,40.755591067576],[-73.980994963469,40.755624454301],[-73.98093970335,40.755700259624],[-73.980811719407,40.755875826129],[-73.9807325161,40.75584243928]]]]}},{"type":"Feature","id":18663,"properties":{"source_id":"868954","bin":"1034242","base_bbl":"1012610015","mappluto_bbl":"1012610015","height_m":45.8},"geometry":{"type":"MultiPolygon","coordinates":[[[[-73.98128194081,40.75657476498],[-73.981215761303,40.756546940301],[-73.981171888742,40.756528493492],[-73.981344771086,40.756290730576],[-73.981501131048,40.756356471065],[-73.981516525272,40.756362943667],[-73.981509689724,40.756372345647],[-73.981343643353,40.75660070774],[-73.98128194081,40.75657476498]]]]}},{"type":"Feature","id":18720,"properties":{"source_id":"61542","bin":"1034238","base_bbl":"1012600068","mappluto_bbl":"1012607502","height_m":146.3},"geometry":{"type":"MultiPolygon","coordinates":[[[[-73.982348480422,40.756303356222],[-73.982331793448,40.756326325555],[-73.982317583566,40.756345885953],[-73.982253381333,40.756434262481],[-73.982073664364,40.756358767809],[-73.982168764883,40.756227861697],[-73.982348480422,40.756303356222]]]]}},{"type":"Feature","id":18722,"properties":{"source_id":"746267","bin":"1034206","base_bbl":"1012590019","mappluto_bbl":"1012590019","height_m":78.6},"geometry":{"type":"MultiPolygon","coordinates":[[[[-73.981418631634,40.755315084521],[-73.981556196904,40.755125595247],[-73.981586243581,40.755138208931],[-73.981623107414,40.755087429909],[-73.981593060752,40.755074816234],[-73.981340035066,40.754968593323],[-73.981391659711,40.754897482448],[-73.981513370136,40.754729833314],[-73.981958694252,40.754916783123],[-73.981847587135,40.755069829996],[-73.981809500676,40.755053840917],[-73.981715851108,40.755182841516],[-73.981705567202,40.755197007536],[-73.981572845068,40.755379824116],[-73.981418631634,40.755315084521]]]]}},{"type":"Feature","id":18729,"properties":{"source_id":"937791","bin":"1085873","base_bbl":"1012600014","mappluto_bbl":"1012600014","height_m":102.8},"geometry":{"type":"MultiPolygon","coordinates":[[[[-73.981373230224,40.756049181821],[-73.981383402958,40.756035225632],[-73.981393061542,40.756021976255],[-73.981449648235,40.755944350109],[-73.981509431011,40.755862340787],[-73.981603349195,40.755901929433],[-73.981669223243,40.755811562509],[-73.981780132815,40.755659415398],[-73.981897570072,40.755708917583],[-73.981766534598,40.75588867382],[-73.981738399035,40.755927271329],[-73.981686629514,40.755998288673],[-73.981854018758,40.756068847242],[-73.981751921366,40.756208905627],[-73.981661958663,40.75617098457],[-73.981645915506,40.756168858623],[-73.981631060229,40.756166329438],[-73.981630022906,40.756166152773],[-73.981614319939,40.75616287333],[-73.981598838578,40.756159028402],[-73.981583617901,40.7561546261],[-73.981568689878,40.756149676337],[-73.981554088848,40.756144190823],[-73.981539849152,40.756138181271],[-73.981526002758,40.756131662994],[-73.981512581637,40.756124649507],[-73.98149961539,40.756117157022],[-73.981487133618,40.756109202654],[-73.981475164737,40.756100804418],[-73.981463737162,40.756091981229],[-73.981452875757,40.756082754704],[-73.981373230224,40.756049181821]]]]}},{"type":"Feature","id":18813,"properties":{"source_id":"846859","bin":"1035330","base_bbl":"1012760001","mappluto_bbl":"1012760001","height_m":62.5},"geometry":{"type":"MultiPolygon","coordinates":[[[[-73.980299697529,40.75307810479],[-73.980393491084,40.752950002232],[-73.98045715677,40.752863049404],[-73.980485239608,40.752824693518],[-73.980512144893,40.752787945729],[-73.98062936947,40.752627839356],[-73.980634077158,40.752621410536],[-73.98083214132,40.752705839966],[-73.980837998081,40.752697819235],[-73.980843636869,40.752690098335],[-73.981132431442,40.752812062774],[-73.981135611238,40.752819228619],[-73.981137831297,40.752824232193],[-73.981149187209,40.752849828228],[-73.981034810016,40.753006449736],[-73.980911604935,40.752954417975],[-73.980878061815,40.752940251959],[-73.980879906273,40.752937728147],[-73.980911200428,40.75289490258],[-73.980905066974,40.752876708645],[-73.980766427468,40.752818158108],[-73.980646180189,40.752842164366],[-73.980643835813,40.752845374275],[-73.980515106796,40.753021644592],[-73.980432763984,40.753134398272],[-73.980299697529,40.75307810479]]]]}},{"type":"Feature","id":18829,"properties":{"source_id":"297160","bin":"1016057","base_bbl":"1008410080","mappluto_bbl":"1008410080","height_m":47.7},"geometry":{"type":"MultiPolygon","coordinates":[[[[-73.984068072446,40.753055928167],[-73.984207912878,40.752863235582],[-73.984224369727,40.752840558599],[-73.98430415498,40.752874043998],[-73.984374817283,40.752903700055],[-73.984389652124,40.752909925461],[-73.984233269928,40.753125412306],[-73.984172991515,40.753100059306],[-73.984068072446,40.753055928167]]]]}},{"type":"Feature","id":18991,"properties":{"source_id":"88038","bin":"1088772","base_bbl":"1012610054","mappluto_bbl":"1012610054","height_m":26.7},"geometry":{"type":"MultiPolygon","coordinates":[[[[-73.980792517249,40.756435121409],[-73.980663183192,40.756612991899],[-73.980626663944,40.75659735119],[-73.980492373386,40.756539835769],[-73.9804908483,40.756539182644],[-73.980473579783,40.75653178657],[-73.980602916558,40.756353917192],[-73.980645358389,40.756372094727],[-73.980769014581,40.756425055242],[-73.980792517249,40.756435121409]]]]}},{"type":"Feature","id":19294,"properties":{"source_id":"817632","bin":"1034491","base_bbl":"1012630051","mappluto_bbl":"1012630051","height_m":63.2},"geometry":{"type":"MultiPolygon","coordinates":[[[[-73.979363299961,40.757698317355],[-73.979470104736,40.757551129055],[-73.979514082338,40.757490523878],[-73.979523923974,40.757476960417],[-73.979595551697,40.757507013078],[-73.979688908677,40.75754618444],[-73.979687848337,40.757547646674],[-73.979703928251,40.757554393391],[-73.979687340745,40.757577252493],[-73.979718343736,40.75759026125],[-73.979561328829,40.757806644705],[-73.979478254198,40.757771788493],[-73.979349259512,40.757717665795],[-73.979363299961,40.757698317355]]]]}},{"type":"Feature","id":19382,"properties":{"source_id":"708071","bin":"1035331","base_bbl":"1012760022","mappluto_bbl":"1012760022","height_m":20.2},"geometry":{"type":"MultiPolygon","coordinates":[[[[-73.979196767795,40.752155625441],[-73.979239364207,40.752097330772],[-73.979304909727,40.752125028619],[-73.979493332089,40.752204649924],[-73.979541013762,40.752224799116],[-73.979516957214,40.75225772364],[-73.979498418717,40.752283093897],[-73.97936175422,40.752225343466],[-73.979196767795,40.752155625441]]]]}},{"type":"Feature","id":19478,"properties":{"source_id":"196343","bin":"1034478","base_bbl":"1012630017","mappluto_bbl":"1012630017","height_m":16.1},"geometry":{"type":"MultiPolygon","coordinates":[[[[-73.980095454349,40.757705120716],[-73.980141768952,40.757641293697],[-73.980264122576,40.757472673514],[-73.980342072495,40.757505378781],[-73.980205850598,40.757693111688],[-73.980173404457,40.757737826096],[-73.980095454349,40.757705120716]]]]}},{"type":"Feature","id":19496,"properties":{"source_id":"809228","bin":"1034354","base_bbl":"1012620076","mappluto_bbl":"1012620076","height_m":15.6},"geometry":{"type":"MultiPolygon","coordinates":[[[[-73.981744130705,40.757690115778],[-73.981684145155,40.757664811067],[-73.981651941084,40.757651225425],[-73.981620813376,40.7576380938],[-73.981559665132,40.757612298063],[-73.981593267653,40.757566239895],[-73.981690457589,40.757607240074],[-73.981841209447,40.757670835094],[-73.981815944861,40.757705464538],[-73.981807607044,40.757716893334],[-73.98180462665,40.757715635758],[-73.981744130705,40.757690115778]]]]}},{"type":"Feature","id":19550,"properties":{"source_id":"852789","bin":"1081061","base_bbl":"1012600007","mappluto_bbl":"1012600007","height_m":13.3},"geometry":{"type":"MultiPolygon","coordinates":[[[[-73.982331651543,40.756178212214],[-73.982386755338,40.756102427817],[-73.982437610881,40.756032485223],[-73.982460209099,40.756001405021],[-73.982489937641,40.755960517593],[-73.982546858766,40.755984449957],[-73.982552947311,40.755987009215],[-73.982425970345,40.756161644734],[-73.98238108531,40.756223375626],[-73.982318075484,40.756196883911],[-73.982331651543,40.756178212214]]]]}},{"type":"Feature","id":19607,"properties":{"source_id":"884086","bin":"1035333","base_bbl":"1012760024","mappluto_bbl":"1012760024","height_m":18.6},"geometry":{"type":"MultiPolygon","coordinates":[[[[-73.97920843088,40.752017567385],[-73.979231672506,40.752027388893],[-73.979276598837,40.752046372444],[-73.979261726789,40.752066726604],[-73.979239364207,40.752097330772],[-73.979196767795,40.752155625441],[-73.979192186754,40.752161896638],[-73.979150602763,40.752144323851],[-73.979124018715,40.752133090629],[-73.979132742484,40.752121151501],[-73.97920843088,40.752017567385]]]]}},{"type":"Feature","id":19814,"properties":{"source_id":"443297","bin":"1034253","base_bbl":"1012610041","mappluto_bbl":"1012610041","height_m":21.9},"geometry":{"type":"MultiPolygon","coordinates":[[[[-73.979285635479,40.755971516105],[-73.979601219129,40.756104210553],[-73.979566693027,40.756151691685],[-73.97955568703,40.756166827228],[-73.979240103174,40.756034132656],[-73.979248685285,40.756022330377],[-73.979285635479,40.755971516105]]]]}},{"type":"Feature","id":19880,"properties":{"source_id":"482681","bin":"1022631","base_bbl":"1009970029","mappluto_bbl":"1009970029","height_m":155.8},"geometry":{"type":"MultiPolygon","coordinates":[[[[-73.983518531413,40.756702991898],[-73.983738118443,40.756795679691],[-73.983760843769,40.756805271476],[-73.983615494994,40.75700438593],[-73.983602962804,40.757021554081],[-73.983338689526,40.756910005701],[-73.983002746023,40.756768203593],[-73.983018236365,40.756746981868],[-73.982983011836,40.756732112931],[-73.983114963712,40.756551353204],[-73.983185034646,40.756455362381],[-73.983234588984,40.756476279337],[-73.983261598502,40.756439278799],[-73.983271301783,40.756425986048],[-73.983329429883,40.756413750302],[-73.983465169807,40.756471046504],[-73.983525795551,40.756496636744],[-73.983560114242,40.756511122672],[-73.983576492383,40.756552869732],[-73.983533811611,40.756611338853],[-73.983479067717,40.756686334102],[-73.983518531413,40.756702991898]]]]}},{"type":"Feature","id":20178,"properties":{"source_id":"49883","bin":"1035328","base_bbl":"1012750069","mappluto_bbl":"1012750069","height_m":92.7},"geometry":{"type":"MultiPolygon","coordinates":[[[[-73.981273283714,40.752683637607],[-73.981150718075,40.75263305962],[-73.980963099483,40.752555636597],[-73.980973002945,40.752541758737],[-73.980957094578,40.752535194122],[-73.980956976488,40.752534057665],[-73.980841180343,40.752486272034],[-73.98086917424,40.752447042547],[-73.981010999529,40.752248290148],[-73.981145835409,40.75230393384],[-73.981108476149,40.752356288534],[-73.981247192332,40.752413532041],[-73.981286022805,40.752359115383],[-73.981439572448,40.752422480004],[-73.98145507472,40.752428876993],[-73.981440346454,40.752449517817],[-73.981297837309,40.752649227865],[-73.981273283714,40.752683637607]]]]}},{"type":"Feature","id":20183,"properties":{"source_id":"654231","bin":"1035363","base_bbl":"1012780064","mappluto_bbl":"1012780064","height_m":29.4},"geometry":{"type":"MultiPolygon","coordinates":[[[[-73.979129279965,40.754351630678],[-73.97923012416,40.754213610397],[-73.97928719158,40.754135504509],[-73.979359065367,40.754165872553],[-73.97926682115,40.754292121286],[-73.97920115273,40.754381998819],[-73.979129279965,40.754351630678]]]]}},{"type":"Feature","id":20293,"properties":{"source_id":"1052507","bin":"1035324","base_bbl":"1012750061","mappluto_bbl":"1012750061","height_m":81.1},"geometry":{"type":"MultiPolygon","coordinates":[[[[-73.980338055111,40.752278692704],[-73.980397259581,40.752195684256],[-73.980495703551,40.752057661516],[-73.980500379277,40.752051106625],[-73.980556897472,40.752074419469],[-73.980540133814,40.752097923444],[-73.9806395496,40.752138930322],[-73.980609527609,40.752181022122],[-73.980543113757,40.75227413764],[-73.980493989444,40.752343012629],[-73.980338055111,40.752278692704]]]]}},{"type":"Feature","id":20348,"properties":{"source_id":"382178","bin":"1082695","base_bbl":"1012620123","mappluto_bbl":"1012620123","height_m":24.1},"geometry":{"type":"MultiPolygon","coordinates":[[[[-73.980088030007,40.756802874433],[-73.980138944111,40.756733089559],[-73.9801966678,40.756653972095],[-73.980203154065,40.75664508072],[-73.980271726235,40.756674009509],[-73.980240516356,40.756716787167],[-73.980213341551,40.756754033705],[-73.980194401061,40.756746042969],[-73.980158611012,40.756795096339],[-73.980177552697,40.756803087081],[-73.980121770599,40.756879543876],[-73.980113651767,40.756890671819],[-73.980045079442,40.756861742938],[-73.980088030007,40.756802874433]]]]}},{"type":"Feature","id":20396,"properties":{"source_id":"767933","bin":"1035312","base_bbl":"1012750006","mappluto_bbl":"1012750006","height_m":86.9},"geometry":{"type":"MultiPolygon","coordinates":[[[[-73.980955063389,40.752130532566],[-73.980955113143,40.752130463235],[-73.981037113413,40.752015547896],[-73.981072211972,40.752030032902],[-73.98108195778,40.752016374729],[-73.981143165983,40.752041634049],[-73.98117279093,40.75205385966],[-73.981163254811,40.75206722431],[-73.981200359129,40.752082535369],[-73.981155783376,40.752145003384],[-73.981155640038,40.752145203273],[-73.981118099628,40.752197812785],[-73.980955597375,40.752130752378],[-73.980955063389,40.752130532566]]]]}},{"type":"Feature","id":20543,"properties":{"source_id":"445138","bin":"1016056","base_bbl":"1008410070","mappluto_bbl":"1008410070","height_m":23.7},"geometry":{"type":"MultiPolygon","coordinates":[[[[-73.983522018601,40.752826248501],[-73.983578987178,40.752749187747],[-73.983562562326,40.752742165962],[-73.983619382716,40.752665305978],[-73.983647811234,40.752677459641],[-73.98369849672,40.752608897809],[-73.983767461624,40.752638382003],[-73.983603303637,40.752860438796],[-73.983522018601,40.752826248501]]]]}},{"type":"Feature","id":20559,"properties":{"source_id":"605407","bin":"1034247","base_bbl":"1012610026","mappluto_bbl":"1012610026","height_m":22.3},"geometry":{"type":"MultiPolygon","coordinates":[[[[-73.980302358995,40.756135819632],[-73.980453529277,40.755927920487],[-73.980460165902,40.75591879319],[-73.980475415468,40.755925204672],[-73.980537211821,40.755951187504],[-73.980416083206,40.75611777128],[-73.980394715526,40.756108787806],[-73.98039454825,40.756129933445],[-73.980369685073,40.756164126803],[-73.980302358995,40.756135819632]]]]}},{"type":"Feature","id":20623,"properties":{"source_id":"149386","bin":"1016038","base_bbl":"1008410014","mappluto_bbl":"1008410014","height_m":17.9},"geometry":{"type":"MultiPolygon","coordinates":[[[[-73.98430415498,40.752874043998],[-73.984492880011,40.752613989071],[-73.984563505402,40.752643695436],[-73.984403530504,40.75286413392],[-73.984374817283,40.752903700055],[-73.98430415498,40.752874043998]]]]}},{"type":"Feature","id":20805,"properties":{"source_id":"65276","bin":"1022634","base_bbl":"1009980012","mappluto_bbl":"1009980012","height_m":50.9},"geometry":{"type":"MultiPolygon","coordinates":[[[[-73.984471429084,40.757618504942],[-73.984427397474,40.757680848175],[-73.984322308381,40.757829642399],[-73.98419656566,40.757778291925],[-73.984103280056,40.757740195829],[-73.984104642395,40.757738267135],[-73.9842565996,40.75752311319],[-73.984385640863,40.757575811203],[-73.984475627418,40.757612559472],[-73.984471429084,40.757618504942]]]]}},{"type":"Feature","id":20856,"properties":{"source_id":"269487","bin":"1016040","base_bbl":"1008410018","mappluto_bbl":"1008410018","height_m":43.4},"geometry":{"type":"MultiPolygon","coordinates":[[[[-73.984285379216,40.752526711845],[-73.984275106926,40.752540867296],[-73.984128139973,40.752743379005],[-73.984025207185,40.752699815417],[-73.984002210881,40.752690163306],[-73.984137602795,40.752503599922],[-73.984185307215,40.752484620216],[-73.984281061049,40.752524895836],[-73.984285379216,40.752526711845]]]]}},{"type":"Feature","id":20857,"properties":{"source_id":"563737","bin":"1035365","base_bbl":"1012780069","mappluto_bbl":"1012780069","height_m":79.6},"geometry":{"type":"MultiPolygon","coordinates":[[[[-73.979362265795,40.754450071797],[-73.979437992024,40.754346429038],[-73.979520178071,40.754233945312],[-73.979784282752,40.754345533987],[-73.979991358131,40.754433025439],[-73.979969991398,40.754462269248],[-73.979833446912,40.754649152563],[-73.97963866607,40.754566855318],[-73.97963856898,40.754566813878],[-73.979362265795,40.754450071797]]]]}},{"type":"Feature","id":20920,"properties":{"source_id":"248066","bin":"1035401","base_bbl":"1012810069","mappluto_bbl":"1012810069","height_m":61.5},"geometry":{"type":"MultiPolygon","coordinates":[[[[-73.978508420909,40.755725959002],[-73.97864717155,40.755535445054],[-73.978668110182,40.755544263081],[-73.978705188478,40.75549335266],[-73.978933711551,40.755589592969],[-73.978974013285,40.755534255266],[-73.979120710816,40.755596035007],[-73.979139718347,40.755604039441],[-73.978923587619,40.75590080219],[-73.978913315966,40.755896476984],[-73.978508420909,40.755725959002]]]]}},{"type":"Feature","id":20943,"properties":{"source_id":"1030942","bin":"1034213","base_bbl":"1012590047","mappluto_bbl":"1012590047","height_m":43.1},"geometry":{"type":"MultiPolygon","coordinates":[[[[-73.980942324411,40.755115126016],[-73.9809655817,40.755083091676],[-73.981096786182,40.754902364711],[-73.981255477108,40.754970815552],[-73.981102034492,40.755182174247],[-73.98102387261,40.755149360486],[-73.980942324411,40.755115126016]]]]}},{"type":"Feature","id":21174,"properties":{"source_id":"38418","bin":"1034201","base_bbl":"1012580042","mappluto_bbl":"1012580042","height_m":32.6},"geometry":{"type":"MultiPolygon","coordinates":[[[[-73.981006028053,40.754318290878],[-73.981178425769,40.754080146241],[-73.981438265617,40.754188921752],[-73.981581681587,40.754248959866],[-73.98140928606,40.754487104201],[-73.981006028053,40.754318290878]]]]}},{"type":"Feature","id":21280,"properties":{"source_id":"160591","bin":"1034245","base_bbl":"1012610021","mappluto_bbl":"1012610021","height_m":63.9},"geometry":{"type":"MultiPolygon","coordinates":[[[[-73.980457463635,40.75620103453],[-73.980615270191,40.755984008777],[-73.980888597053,40.756098931013],[-73.980927607457,40.756115332979],[-73.980767939278,40.756334920782],[-73.980644441638,40.756282994972],[-73.980669955113,40.756247906562],[-73.980658720641,40.756243183327],[-73.980608402351,40.7562220265],[-73.980584751189,40.756254553273],[-73.980457463635,40.75620103453]]]]}},{"type":"Feature","id":21365,"properties":{"source_id":"51837","bin":"1035368","base_bbl":"1012790007","mappluto_bbl":"1012797501","height_m":23.8},"geometry":{"type":"MultiPolygon","coordinates":[[[[-73.978999316605,40.754698877133],[-73.979107246521,40.754549720805],[-73.979114036033,40.754540336967],[-73.979209276731,40.754577694558],[-73.979105356187,40.75472081652],[-73.979034424494,40.754818503983],[-73.978942213138,40.754779786139],[-73.978999316605,40.754698877133]]]]}},{"type":"Feature","id":21453,"properties":{"source_id":"767352","bin":"1035366","base_bbl":"1012790001","mappluto_bbl":"1012790001","height_m":119.7},"geometry":{"type":"MultiPolygon","coordinates":[[[[-73.979107709182,40.754849168704],[-73.979282098278,40.754608165477],[-73.979410139707,40.754661742398],[-73.979724136903,40.754793127818],[-73.979506314331,40.75509415619],[-73.979373537012,40.755038597419],[-73.979201018829,40.754966410696],[-73.979244451244,40.754906386328],[-73.979107709182,40.754849168704]]]]}},{"type":"Feature","id":21457,"properties":{"source_id":"850841","bin":"1035355","base_bbl":"1012780001","mappluto_bbl":"1012780001","height_m":141.2},"geometry":{"type":"MultiPolygon","coordinates":[[[[-73.979520178071,40.754233945312],[-73.979408079248,40.754186581247],[-73.979444217906,40.754137120225],[-73.979552966453,40.753988279691],[-73.979598719691,40.753925659435],[-73.980181996995,40.754172102671],[-73.980093196967,40.754293642113],[-73.98004751739,40.754356162618],[-73.979991358131,40.754433025439],[-73.979784282752,40.754345533987],[-73.979520178071,40.754233945312]]]]}},{"type":"Feature","id":21537,"properties":{"source_id":"828208","bin":"1034197","base_bbl":"1012580018","mappluto_bbl":"1012580018","height_m":89},"geometry":{"type":"MultiPolygon","coordinates":[[[[-73.981877146862,40.754682960364],[-73.982220612319,40.754208498766],[-73.982461890675,40.75431002273],[-73.982441351855,40.754338395434],[-73.982208458079,40.754660116651],[-73.982118717831,40.754784085262],[-73.981877146862,40.754682960364]]]]}},{"type":"Feature","id":21596,"properties":{"source_id":"861685","bin":"1035380","base_bbl":"1012790069","mappluto_bbl":"1012790069","height_m":53},"geometry":{"type":"MultiPolygon","coordinates":[[[[-73.978907329724,40.755070076626],[-73.979076599827,40.754836151654],[-73.979107709182,40.754849168704],[-73.979244451244,40.754906386328],[-73.979201018829,40.754966410696],[-73.979373537012,40.755038597419],[-73.979506314331,40.75509415619],[-73.979465623428,40.755150390916],[-73.979393927567,40.755249473341],[-73.979389694381,40.755252254246],[-73.979385024361,40.755254597426],[-73.979379998045,40.755256463274],[-73.979374695968,40.755257822089],[-73.979369209319,40.755258650472],[-73.979363626919,40.755258934932],[-73.979358043504,40.755258670084],[-73.978907329724,40.755070076626]]]]}},{"type":"Feature","id":21712,"properties":{"source_id":"49090","bin":"1086846","base_bbl":"1012600024","mappluto_bbl":"1012600024","height_m":9.1},"geometry":{"type":"MultiPolygon","coordinates":[[[[-73.98091576037,40.755591067576],[-73.980980555811,40.755502182194],[-73.981046452355,40.755529959239],[-73.981059758838,40.755535568875],[-73.980994963469,40.755624454301],[-73.98091576037,40.755591067576]]]]}},{"type":"Feature","id":21754,"properties":{"source_id":"994565","bin":"1035314","base_bbl":"1012750011","mappluto_bbl":"1012750011","height_m":21.5},"geometry":{"type":"MultiPolygon","coordinates":[[[[-73.980670887031,40.751946175992],[-73.980742491361,40.751845830201],[-73.98076732688,40.751856079406],[-73.980823657929,40.751879325451],[-73.980738041996,40.751999306283],[-73.980663862122,40.752103259964],[-73.980582695362,40.752069764602],[-73.980670887031,40.751946175992]]]]}},{"type":"Feature","id":22126,"properties":{"source_id":"283500","bin":"1034483","base_bbl":"1012630024","mappluto_bbl":"1012630024","height_m":74.3},"geometry":{"type":"MultiPolygon","coordinates":[[[[-73.979523923974,40.757476960417],[-73.979515026757,40.757473227142],[-73.979388392497,40.757420094561],[-73.979387840714,40.757419863033],[-73.979360734684,40.757408490202],[-73.979291771357,40.757379554501],[-73.979443845782,40.757169980139],[-73.979466916143,40.757138186512],[-73.979770694533,40.757265645532],[-73.979595551697,40.757507013078],[-73.979523923974,40.757476960417]]]]}},{"type":"Feature","id":22248,"properties":{"source_id":"483007","bin":"1080745","base_bbl":"1008410071","mappluto_bbl":"1008410071","height_m":97.6},"geometry":{"type":"MultiPolygon","coordinates":[[[[-73.983945201508,40.752756941389],[-73.983822983147,40.752925350393],[-73.9838010137,40.752934185771],[-73.983789572438,40.752938786646],[-73.983723827672,40.75291113275],[-73.983637561282,40.752874848157],[-73.983631675055,40.752845061291],[-73.983789658865,40.752627371942],[-73.983813398688,40.752637335775],[-73.983980965338,40.752707660784],[-73.983945201508,40.752756941389]]]]}},{"type":"Feature","id":22409,"properties":{"source_id":"667213","bin":"1016014","base_bbl":"1008400071","mappluto_bbl":"1008400071","height_m":76.4},"geometry":{"type":"MultiPolygon","coordinates":[[[[-73.984251649333,40.752323657579],[-73.984363612073,40.752170106863],[-73.98441357173,40.752101590538],[-73.98442187997,40.752090194859],[-73.984667124007,40.752193609437],[-73.984657348178,40.752207017568],[-73.984712761956,40.752230384957],[-73.984716729641,40.752232057723],[-73.984712561324,40.752237774482],[-73.984556275564,40.752452112753],[-73.984354451482,40.75236700753],[-73.984251649333,40.752323657579]]]]}},{"type":"Feature","id":22445,"properties":{"source_id":"300177","bin":"1034194","base_bbl":"1012570001","mappluto_bbl":"1012570001","height_m":38.2},"geometry":{"type":"MultiPolygon","coordinates":[[[[-73.982332968928,40.75384515482],[-73.982004878968,40.753706673806],[-73.981971078299,40.753692407213],[-73.98196682318,40.753698236421],[-73.981845859829,40.753647179462],[-73.981849692049,40.753641929217],[-73.98175403284,40.753601552541],[-73.981743628748,40.753597161828],[-73.981607799069,40.75353982934],[-73.981542604032,40.753512311165],[-73.981490246282,40.753490211559],[-73.981489571386,40.753489926891],[-73.981547756203,40.753410209051],[-73.98169467056,40.75320892353],[-73.981735291922,40.753153267916],[-73.981742563033,40.753143306773],[-73.981734416948,40.753139868251],[-73.981678224377,40.753116149912],[-73.981708977936,40.753074015632],[-73.981846993545,40.752884921343],[-73.981914263683,40.752913315865],[-73.982157050465,40.752580672659],[-73.982171515436,40.752560853865],[-73.982308196098,40.752618545129],[-73.982467246709,40.75268567784],[-73.982510557038,40.752703958387],[-73.982807348102,40.752829227398],[-73.983010623209,40.752915025327],[-73.982948177293,40.753000585763],[-73.982957809382,40.75300465117],[-73.982898275005,40.753086221867],[-73.982894185359,40.753084496792],[-73.982891191934,40.753088598151],[-73.982459767601,40.753679700874],[-73.982462811765,40.753680986359],[-73.982403539158,40.75376219573],[-73.98239587842,40.753758962644],[-73.982349084274,40.753823075991],[-73.982332968928,40.75384515482]]]]}},{"type":"Feature","id":22476,"properties":{"source_id":"1066219","bin":"1022640","base_bbl":"1009980024","mappluto_bbl":"1009980024","height_m":49.1},"geometry":{"type":"MultiPolygon","coordinates":[[[[-73.983226201503,40.757363830509],[-73.983274385062,40.757295609836],[-73.983322994998,40.757226784065],[-73.983370607357,40.757159372822],[-73.983374956211,40.757153215795],[-73.983379060342,40.757154891327],[-73.983517634679,40.757211484574],[-73.983380021977,40.757406325128],[-73.983368881476,40.757422099471],[-73.983329830513,40.757406151283],[-73.983267668011,40.757380765135],[-73.983226201503,40.757363830509]]]]}},{"type":"Feature","id":22553,"properties":{"source_id":"789921","bin":"1034234","base_bbl":"1012600056","mappluto_bbl":"1012600056","height_m":48},"geometry":{"type":"MultiPolygon","coordinates":[[[[-73.981150767909,40.756018744578],[-73.981215616763,40.755929786137],[-73.981322287657,40.755783455143],[-73.981364975689,40.75580144875],[-73.981509431011,40.755862340787],[-73.981449648235,40.755944350109],[-73.981388346493,40.755918510126],[-73.981333759469,40.755993390925],[-73.981322101158,40.756009384713],[-73.981383402958,40.756035225632],[-73.981373230224,40.756049181821],[-73.98133791172,40.756097630498],[-73.981150767909,40.756018744578]]]]}},{"type":"Feature","id":22608,"properties":{"source_id":"374654","bin":"1016044","base_bbl":"1008410027","mappluto_bbl":"1008410027","height_m":70.1},"geometry":{"type":"MultiPolygon","coordinates":[[[[-73.983306559223,40.752400675352],[-73.983275381462,40.752387855731],[-73.983240790168,40.752373632618],[-73.983260830654,40.752345445195],[-73.983395642106,40.752155828974],[-73.983544649059,40.752217094659],[-73.983594921562,40.752237764836],[-73.983565709229,40.752278853457],[-73.9834400689,40.752455568745],[-73.983306559223,40.752400675352]]]]}},{"type":"Feature","id":22655,"properties":{"source_id":"256273","bin":"1022616","base_bbl":"1009960043","mappluto_bbl":"1009960043","height_m":54.1},"geometry":{"type":"MultiPolygon","coordinates":[[[[-73.984143101563,40.756470786102],[-73.9843147985,40.756232634949],[-73.984357437941,40.756250410418],[-73.984544359053,40.75632833566],[-73.984372582136,40.756566599704],[-73.984347236354,40.756556017127],[-73.984143101563,40.756470786102]]]]}},{"type":"Feature","id":22807,"properties":{"source_id":"825273","bin":"1034260","base_bbl":"1012610053","mappluto_bbl":"1012610053","height_m":16.5},"geometry":{"type":"MultiPolygon","coordinates":[[[[-73.980414226488,40.756508049081],[-73.980505974207,40.756381870526],[-73.980580241459,40.756279733344],[-73.98060506434,40.756290170781],[-73.98063891815,40.756304404459],[-73.980472902135,40.756532719379],[-73.980414226488,40.756508049081]]]]}},{"type":"Feature","id":22945,"properties":{"source_id":"1071276","bin":"1022639","base_bbl":"1009980023","mappluto_bbl":"1009980023","height_m":21.6},"geometry":{"type":"MultiPolygon","coordinates":[[[[-73.983380021977,40.757406325128],[-73.983517634679,40.757211484574],[-73.983597813424,40.757244228481],[-73.983549521245,40.757312605061],[-73.983532693778,40.757305733604],[-73.983519076227,40.757325015075],[-73.983535902513,40.757331886534],[-73.983521133477,40.757352796855],[-73.983504307187,40.757345925394],[-73.983491055677,40.757364689124],[-73.98350788197,40.757371560587],[-73.983460200888,40.75743907003],[-73.983380021977,40.757406325128]]]]}},{"type":"Feature","id":23024,"properties":{"source_id":"693312","bin":"1016042","base_bbl":"1008410021","mappluto_bbl":"1008410021","height_m":18.8},"geometry":{"type":"MultiPolygon","coordinates":[[[[-73.983570249524,40.752407368898],[-73.983669137468,40.752268280017],[-73.983750674283,40.752301805673],[-73.983601394152,40.75251177348],[-73.983587347637,40.752531529478],[-73.983532759128,40.752509083784],[-73.983597198002,40.75241844986],[-73.983570249524,40.752407368898]]]]}},{"type":"Feature","id":23130,"properties":{"source_id":"1035465","bin":"1034204","base_bbl":"1012590014","mappluto_bbl":"1012590014","height_m":30.3},"geometry":{"type":"MultiPolygon","coordinates":[[[[-73.981871134243,40.755507266847],[-73.982078217956,40.755222017313],[-73.982185268091,40.755266956532],[-73.982186858292,40.755267624053],[-73.982328771233,40.755072141662],[-73.982487928464,40.755138955557],[-73.982403975101,40.755254600088],[-73.98223297441,40.755490148775],[-73.982225781287,40.755500057728],[-73.982138932932,40.755619688151],[-73.981871134243,40.755507266847]]]]}},{"type":"Feature","id":23164,"properties":{"source_id":"994068","bin":"1035336","base_bbl":"1012760051","mappluto_bbl":"1012760051","height_m":96.4},"geometry":{"type":"MultiPolygon","coordinates":[[[[-73.978814957234,40.752457526998],[-73.978850491216,40.752408897206],[-73.978936457292,40.752291249257],[-73.978987887998,40.752220865204],[-73.979062768096,40.752252507306],[-73.979272541438,40.752341151415],[-73.979412715452,40.752400384811],[-73.979345494833,40.752492380163],[-73.979265520026,40.752601829486],[-73.979253180646,40.752618717151],[-73.979215491319,40.752626781592],[-73.979097632919,40.752576977604],[-73.9789055325,40.75249580161],[-73.978814957234,40.752457526998]]]]}},{"type":"Feature","id":23246,"properties":{"source_id":"701770","bin":"1016054","base_bbl":"1008410066","mappluto_bbl":"1008410066","height_m":16.6},"geometry":{"type":"MultiPolygon","coordinates":[[[[-73.983263540062,40.752717525594],[-73.983403587343,40.752528086633],[-73.983447370193,40.752546804543],[-73.983465108068,40.752554387548],[-73.983498975462,40.752508575568],[-73.983534624075,40.752523815426],[-73.983526481505,40.752534829249],[-73.983483892288,40.752592440216],[-73.983504786793,40.752601373526],[-73.983447852608,40.752678388324],[-73.983427865052,40.752669843252],[-73.983361999182,40.75275894061],[-73.983342128796,40.752750582846],[-73.983263540062,40.752717525594]]]]}},{"type":"Feature","id":23401,"properties":{"source_id":"1025320","bin":"1034214","base_bbl":"1012590048","mappluto_bbl":"1012590048","height_m":30},"geometry":{"type":"MultiPolygon","coordinates":[[[[-73.981102034492,40.755182174247],[-73.981255477108,40.754970815552],[-73.981276464404,40.754941906434],[-73.981340035066,40.754968593323],[-73.981593060752,40.755074816234],[-73.981556196904,40.755125595247],[-73.981418631634,40.755315084521],[-73.981102034492,40.755182174247]]]]}},{"type":"Feature","id":23605,"properties":{"source_id":"57936","bin":"1088173","base_bbl":"1012770067","mappluto_bbl":"1012770067","height_m":25.6},"geometry":{"type":"MultiPolygon","coordinates":[[[[-73.979818719513,40.75377236278],[-73.97990690706,40.753651057566],[-73.979990508381,40.753686203545],[-73.979876331759,40.753843257963],[-73.97979776713,40.753810228073],[-73.979823755156,40.75377447985],[-73.979818719513,40.75377236278]]]]}},{"type":"Feature","id":23648,"properties":{"source_id":"1045703","bin":"1090520","base_bbl":"1012570001","mappluto_bbl":"1012570001","height_m":4},"geometry":{"type":"MultiPolygon","coordinates":[[[[-73.982701910811,40.754020068755],[-73.982689789927,40.75403696042],[-73.982693040145,40.75403829906],[-73.98267561119,40.754061989644],[-73.98267269369,40.754060783428],[-73.982658780482,40.754080171022],[-73.98263842081,40.754071487982],[-73.982634364898,40.754076427545],[-73.9826091909,40.754065695123],[-73.982613148538,40.75406070872],[-73.982600113382,40.754055148831],[-73.982642748543,40.753995889385],[-73.982701910811,40.754020068755]]]]}},{"type":"Feature","id":23695,"properties":{"source_id":"35492","bin":"1085972","base_bbl":"1012760058","mappluto_bbl":"1012760058","height_m":162.9},"geometry":{"type":"MultiPolygon","coordinates":[[[[-73.980634077158,40.752621410536],[-73.98062936947,40.752627839356],[-73.980512144893,40.752787945729],[-73.980485239608,40.752824693518],[-73.980341668037,40.752763956107],[-73.980313604087,40.752802319166],[-73.980252303967,40.752886115147],[-73.980156249903,40.7530174194],[-73.980021109534,40.752960248146],[-73.979778587275,40.752857648128],[-73.979527538594,40.752751440458],[-73.979556441708,40.752711931395],[-73.979631964229,40.752608693675],[-73.979705095906,40.752508725219],[-73.979774254083,40.752414186969],[-73.979856933499,40.752301165457],[-73.979861698102,40.752294652931],[-73.980634077158,40.752621410536]]]]}},{"type":"Feature","id":23709,"properties":{"source_id":"322718","bin":"1035315","base_bbl":"1012750012","mappluto_bbl":"1012750012","height_m":46.5},"geometry":{"type":"MultiPolygon","coordinates":[[[[-73.98050007233,40.751894188915],[-73.980491729897,40.751890745769],[-73.980578151675,40.75176963602],[-73.980742914101,40.751837629364],[-73.980747107817,40.751839359937],[-73.980746547493,40.751840145085],[-73.980742491361,40.751845830201],[-73.980670887031,40.751946175992],[-73.980643077292,40.751934699778],[-73.980549475398,40.752065870614],[-73.980480680337,40.752037480435],[-73.980491741204,40.7520219801],[-73.980439964988,40.752000613121],[-73.980512305376,40.75189923742],[-73.98050007233,40.751894188915]]]]}},{"type":"Feature","id":24185,"properties":{"source_id":"1032316","bin":"1034208","base_bbl":"1012590029","mappluto_bbl":"1012590029","height_m":25.5},"geometry":{"type":"MultiPolygon","coordinates":[[[[-73.980746514426,40.754675354096],[-73.980801422161,40.754599723493],[-73.980827631501,40.754563622086],[-73.980847630853,40.754536073544],[-73.980895329749,40.754470371572],[-73.981209634333,40.754602322116],[-73.981089763142,40.754767439013],[-73.981036299691,40.754841081673],[-73.98072199314,40.75470913066],[-73.980746514426,40.754675354096]]]]}},{"type":"Feature","id":24520,"properties":{"source_id":"541713","bin":"1035379","base_bbl":"1012790065","mappluto_bbl":"1012790065","height_m":75.6},"geometry":{"type":"MultiPolygon","coordinates":[[[[-73.978748125265,40.755003459488],[-73.978917394573,40.754769534747],[-73.979034424494,40.754818503983],[-73.979076599827,40.754836151654],[-73.978907329724,40.755070076626],[-73.978748125265,40.755003459488]]]]}},{"type":"Feature","id":24621,"properties":{"source_id":"285290","bin":"1034343","base_bbl":"1012620053","mappluto_bbl":"1012620053","height_m":15.7},"geometry":{"type":"MultiPolygon","coordinates":[[[[-73.979962312025,40.757135403827],[-73.980107202895,40.756936815298],[-73.980117875975,40.75692218573],[-73.980182569347,40.756949478584],[-73.98002700554,40.757162696767],[-73.979962312025,40.757135403827]]]]}},{"type":"Feature","id":24864,"properties":{"source_id":"180905","bin":"1016039","base_bbl":"1008410015","mappluto_bbl":"1008410015","height_m":17.5},"geometry":{"type":"MultiPolygon","coordinates":[[[[-73.984224369727,40.752840558599],[-73.984239376686,40.752819879637],[-73.984250086308,40.752824374625],[-73.984279665467,40.75278361727],[-73.984423840105,40.752584950151],[-73.984492880011,40.752613989071],[-73.98430415498,40.752874043998],[-73.984224369727,40.752840558599]]]]}},{"type":"Feature","id":24907,"properties":{"source_id":"1091106","bin":"1090168","base_bbl":"1012570001","mappluto_bbl":"1012570001","height_m":3},"geometry":{"type":"MultiPolygon","coordinates":[[[[-73.982561118025,40.753726432255],[-73.982489965436,40.75369217163],[-73.982554845424,40.753604501034],[-73.982630501708,40.75363739263],[-73.982561118025,40.753726432255]]]]}},{"type":"Feature","id":24942,"properties":{"source_id":"1091525","bin":"1091074","base_bbl":"1012570002","mappluto_bbl":"1012570002","height_m":4},"geometry":{"type":"MultiPolygon","coordinates":[[[[-73.984336453496,40.753848530225],[-73.984291780151,40.753830131314],[-73.984315975066,40.753795393102],[-73.984361320885,40.753814302681],[-73.984336453496,40.753848530225]]]]}},{"type":"Feature","id":24950,"properties":{"source_id":"1091542","bin":"1090910","base_bbl":"1012570002","mappluto_bbl":"1012570002","height_m":4.6},"geometry":{"type":"MultiPolygon","coordinates":[[[[-73.984092999147,40.75452848667],[-73.984097898381,40.754542287594],[-73.984076869391,40.754572926193],[-73.984059255994,40.754577075988],[-73.984019526891,40.754560792045],[-73.984014542215,40.754547804262],[-73.984034951778,40.754517661768],[-73.984053877391,40.754512871898],[-73.984092999147,40.75452848667]]]]}},{"type":"Feature","id":24952,"properties":{"source_id":"1091531","bin":"1091076","base_bbl":"1012570002","mappluto_bbl":"1012570002","height_m":4},"geometry":{"type":"MultiPolygon","coordinates":[[[[-73.984053769,40.754238444605],[-73.984009095472,40.754220045586],[-73.984033290676,40.754185307435],[-73.98407863668,40.754204217124],[-73.984053769,40.754238444605]]]]}},{"type":"Feature","id":24989,"properties":{"source_id":"1091517","bin":"1091075","base_bbl":"1012570002","mappluto_bbl":"1012570002","height_m":3},"geometry":{"type":"MultiPolygon","coordinates":[[[[-73.98411973882,40.754033450009],[-73.984111996707,40.754033305762],[-73.98410361419,40.754032169968],[-73.984093906897,40.754029703044],[-73.984083460026,40.754025014469],[-73.984075735435,40.754020926007],[-73.98406863546,40.754014517027],[-73.984062719382,40.754009285172],[-73.984060931651,40.754007715343],[-73.98406148156,40.754005831561],[-73.984062308815,40.754002902331],[-73.984062309541,40.753999867627],[-73.984061483863,40.753996205156],[-73.984059422054,40.753991914862],[-73.984056945259,40.753989821744],[-73.98405598345,40.753985950337],[-73.984055984352,40.753982183522],[-73.984056673309,40.753978207885],[-73.984058865025,40.753974068564],[-73.984062642879,40.753967725925],[-73.984067209105,40.753962583769],[-73.984073233296,40.753956420641],[-73.984081688324,40.753951399689],[-73.984088469424,40.753949257422],[-73.984098421872,40.753946580693],[-73.984113370232,40.75394441884],[-73.984123690094,40.753945361291],[-73.98413455929,40.753946827911],[-73.984144878605,40.753950072953],[-73.984151207051,40.753954154915],[-73.984158497934,40.753959492314],[-73.984167852414,40.753966608495],[-73.98416690552,40.753969711508],[-73.984166679651,40.753973397246],[-73.984167863113,40.753976397894],[-73.984169157981,40.75397901224],[-73.984171299605,40.753981326833],[-73.984173102687,40.753983083968],[-73.98417422987,40.753983727083],[-73.984173625673,40.753989837832],[-73.984173212362,40.753994965254],[-73.984171146876,40.754001137936],[-73.984166191403,40.754009822632],[-73.984159997802,40.754016309024],[-73.98415352987,40.754021121337],[-73.984147611618,40.754024991796],[-73.984140495149,40.754028150691],[-73.98413662057,40.754027949345],[-73.984133450546,40.754027881371],[-73.984130544544,40.754028015146],[-73.984126669695,40.754028952038],[-73.984122794701,40.75403049227],[-73.98411973882,40.754033450009]]]]}},{"type":"Feature","id":25013,"properties":{"source_id":"1089766","bin":"1091887","base_bbl":"1012590035","mappluto_bbl":"1012597503","height_m":281},"geometry":{"type":"MultiPolygon","coordinates":[[[[-73.980895181755,40.7544703549],[-73.980746901897,40.754674599999],[-73.98035251274,40.754509989435],[-73.98050013038,40.754305468271],[-73.980895181755,40.7544703549]]]]}},{"type":"Feature","id":25015,"properties":{"source_id":"1091112","bin":"1090169","base_bbl":"1012570001","mappluto_bbl":"1012570001","height_m":3},"geometry":{"type":"MultiPolygon","coordinates":[[[[-73.982684192976,40.753619837249],[-73.982578129371,40.753574226855],[-73.982618864303,40.753521558827],[-73.982722256124,40.753568111613],[-73.982684192976,40.753619837249]]]]}},{"type":"Feature","id":25157,"properties":{"source_id":"1091505","bin":"1090172","base_bbl":"1012570002","mappluto_bbl":"1012570002","height_m":2.7},"geometry":{"type":"MultiPolygon","coordinates":[[[[-73.984326264312,40.753468340741],[-73.984308844218,40.753492698851],[-73.984306110254,40.753491521517],[-73.984301292767,40.753497798286],[-73.984267447989,40.753483145143],[-73.984271795171,40.753477683269],[-73.984270396815,40.753477068033],[-73.98428878214,40.753452176061],[-73.984326264312,40.753468340741]]]]}},{"type":"Feature","id":25159,"properties":{"source_id":"1091504","bin":"1090173","base_bbl":"1012570002","mappluto_bbl":"1012570002","height_m":4.6},"geometry":{"type":"MultiPolygon","coordinates":[[[[-73.983898048831,40.753451413416],[-73.983890738616,40.75345288382],[-73.983880849483,40.753453536204],[-73.983873753918,40.753453699103],[-73.983862576139,40.753450590793],[-73.983854407447,40.753446993029],[-73.983849033705,40.753442087221],[-73.983844735107,40.753437509348],[-73.983842370293,40.753432767853],[-73.983839147633,40.753425246378],[-73.983839149179,40.753418869897],[-73.98384022583,40.753412984343],[-73.983843021769,40.753407589805],[-73.983847108607,40.753401541681],[-73.983853344308,40.753397128276],[-73.983860225142,40.753393695612],[-73.983869255115,40.753390754024],[-73.983879144357,40.753389610865],[-73.983891613578,40.753389776502],[-73.983900427794,40.753392720586],[-73.983906231941,40.753395337366],[-73.98391203597,40.753398444021],[-73.983917625192,40.753403512848],[-73.983921277751,40.753410870489],[-73.983923640636,40.753418718726],[-73.983924068437,40.753427220461],[-73.983921487706,40.753433922565],[-73.983912884857,40.753443240697],[-73.983898048831,40.753451413416]]]]}},{"type":"Feature","id":25165,"properties":{"source_id":"1085211","bin":"1090669","base_bbl":"1008400030","mappluto_bbl":"1008407504","height_m":98.8},"geometry":{"type":"MultiPolygon","coordinates":[[[[-73.983926530757,40.752065788401],[-73.983900128061,40.752055512644],[-73.983875054801,40.752090772047],[-73.9836419798,40.751995435048],[-73.983669559605,40.751956841476],[-73.98365300819,40.751950006991],[-73.983725793264,40.751850030522],[-73.98400097389,40.751963533711],[-73.983926530757,40.752065788401]]]]}},{"type":"Feature","id":25194,"properties":{"source_id":"67543","bin":"1016047","base_bbl":"1008410049","mappluto_bbl":"1008410049","height_m":45.1},"geometry":{"type":"MultiPolygon","coordinates":[[[[-73.982124587541,40.752079799062],[-73.982157539178,40.75209114154],[-73.982144261332,40.752113451317],[-73.982276270835,40.752179875906],[-73.982359811862,40.752234766457],[-73.982356837375,40.752238917333],[-73.982373231248,40.752245711458],[-73.98237008855,40.752250097341],[-73.98238576965,40.75225659689],[-73.982381747993,40.752262209128],[-73.982429417658,40.752281964502],[-73.98241812267,40.752297725233],[-73.982433337283,40.752304030195],[-73.982426944094,40.752312951432],[-73.982441455405,40.752318965422],[-73.982434038736,40.752329314705],[-73.982450498944,40.752336135844],[-73.982441939153,40.752348080651],[-73.982460142241,40.75235562426],[-73.982448944383,40.752371249933],[-73.98238169574,40.752343380719],[-73.982180896177,40.752260162905],[-73.982037998831,40.752200942358],[-73.982094542848,40.752121834514],[-73.982124587541,40.752079799062]]]]}},{"type":"Feature","id":25224,"properties":{"source_id":"837301","bin":"1016011","base_bbl":"1008400066","mappluto_bbl":"1008407503","height_m":50.5},"geometry":{"type":"MultiPolygon","coordinates":[[[[-73.983860816751,40.752158895125],[-73.984009903306,40.751954431737],[-73.984020571327,40.751958930343],[-73.984178671334,40.752025599506],[-73.984029585137,40.75223006221],[-73.983983821397,40.75221076432],[-73.983860816751,40.752158895125]]]]}}]}